input,target
Who did the first work generally recognized as AI?,Warren McCulloch and Walter Pitts (1943).
What sources was drawn on the formation of the first work generally recognized as AI?,knowledge of the basic physiology and function of neurons in the brain; a formal analysis of propositional logic due to Russell and Whitehead; and Turing's theory of computation.
Who created the Hebbian learning rule?,Donald Hebb (1949).
When the first neural network is built?,1950.
What is the first neural network called?,The SNARC.
"""Who introduced the Turing test",machine learning
Alan Turing prefer what method on creating human-level Al?,He prefer to develop learning algorithms and then teach the machine rather than by programming its intelligence by hand.
Who presented the Logic Theorist (LT)?,Allen Newell and Herbert Simon from Carnegie Tech.
What does General Problem Solver (GPS) is designed for?,GPS was designed from the start to imitate human problem-solving protocols.
Which model was robably the first program to embody the “thinking humanly” approach?,General Problem Solver (GPS).
Who formulate the famous physical symbol system hypothesis?,Allen Newell and Herbert Simon.
What does physical symbol system hypothesis states?,a physical symbol system has the necessary and sufficient means for general intelligent action.
Who constructed the Geometry Theorem Prover?,Herbert Gelernter (1959).
Who defined the high-level language Lisp?,John McCarthy.
who discovered a complete theorem-proving algorithm for first-order logic in 1965?,J. A. Robinson's
What is the most famous microworld?,The blocks world.
What does the perceptron convergence theorem say?,"""The theorem says that the learning algorithm can adjust the connection strengths of a perceptron to match any input data"
What does the book Preceptrons (1969) mentioned?,"""Although perceptrons (a simple form of neural network) could be shown to learn anything they were capable of representing"
What is the weak methods in 1969?,a general-purpose search mechanism trying to string together elementary reasoning steps to find complete solutions.
Why weak methods in 1969 are called weak methods?,They do not scale up to large or difficult problem instances.
"""Why is the DENDRAL program powerful","according to its authors?"""
Which program is the first successful knowledge-intensive system?,The DENDRAL program.
What does knowledge-intensive system mean?,A system that its expertise derived from large numbers of special-purpose rules.
What is the content of the Heuristic Programming Project (HPP)?,It is to investigate the extent to which the new methodology of expert systems could be applied to other areas.
What function does MYCIN system contribute in?,diagnosing blood infections.
What is the major differences between MYCIN and DENDRAL?,"""First"
What calculus of uncertainty does MYCIN incorporated?,certainty factors.
How is the performance of certainty factors in MYCIN?,It seemed (at the time) to fit well with how doctors assessed the impact of evidence on the diagnosis.
Which system is the first successful commercial expert system?,R1.
Where does the first successful commercial expert system began operation?,"""The Digital Equipment Corporation (McDermott"
What does robust language understanding requires?,general knowledge about the world and a general method for using that knowledge.
What does Minsky's idea of frames (1975) implies?,assembling facts about particular object and event types and arranging the types into a large taxonomic hierarchy analogous to a biological taxonomy.
What is the content of the “Fifth Generation” project announced by the Japanese government in 1981?,"""A 10-year plan to build massively parallel"
"""What caused the """"AI winter""""?""",Many companies fell by the wayside as they failed to deliver on extravagant promises.
Who described symbols as the “luminiferous aether of Al”?,Geoff Hinton
What does “luminiferous aether of Al” by Geoff Hinton mean?,A reference to the non-existent medium through which many 19th-century physicists believed that electromagnetic waves propagated.
How is the connectionist models better suited to the messiness of the real world?,It forms internal concepts in a more fluid and imprecise way.
What approach does the brittleness of expert systems led to?,"""It is an approach incorporating probability rather than Boolean logic"
What approach dominate the field of speech recognition?,The approach using hidden Markov models (HMMs).
What are the characteristics of HMMs in the feild of speech recognition?,"""First"
Which year is an important year for the connection between Al and other fields?,1988
"""In 1998","what fields does AI connected to?"""
Whose research led to a new acceptance of probability and decision theory in Al?,Judea Pearl's (1988).
What does Pearl's development of Bayesian networks yielded?,It yielded a rigorous and efficient formalism for representing uncertain knowledge as well as practical algorithms for probabilistic reasoning
What major contribution is done by Rich Sutton in 1988?,connecting reinforcement learning to the theory of Markov decision processes (MDPs) developed in the field of operations research.
What kind of advances facilitated the big data phenomenon?,Remarkable advances in computing power and the creation of the World Wide Web.
Who argued that the improvement in performance obtained from increasing the size of the data set by two or three orders of magnitude outweighs any improvement that can be obtained from tweaking the algorithm?,Banko and Brill (2001)
Who developed a clever method for filling in holes in photographs by blending in pixels from similar images?,Hays and Efros (2007).
What does the term deep learning refers to?,"""It refers to machine learning using multiple layers of simple"
What method do experiments found some success in handwritten digit recognition in the 1990s?,convolutional neural networks.
How does deep network contribute to ALPHAGO's victories over the leading human Go players?,representing the evaluation function.
What is the mean for Ford (2018) interviews of AI experts in the question of when (if ever) will AI systems achieve human-level performance across a broad variety of tasks?,2099
What system does U.S. forces deployed to do automated logistics planning and scheduling for transportation?,""" a Dynamic Analysis and Replanning Tool"
What AI system defeated world chess champion Garry Kasparov in 1997?,Deep Blue
What AI system defeated the world GO champion Ke Jie?,ALPHAGO
What ALPHAZERO can do?,"""It used no input from humans (except for the rules of the game)"
"""What does the deep learning model",which won the 2018 Gordon Bell Prize
"""Who noted that the “mechanical arts are of ambiguous use","serving as well for hurt as for remedy”?"""
"""Where does the statement “mechanical arts are of ambiguous use","serving as well for hurt as for remedy” be noted?"""
"""Who suggested that “First solve Al","then use Al to solve everything else.”?"""
"""How does United Nations define """"Lethal Autonomous Weapons""""?""","""weapons that can locate"
What possible risks we might face on devoloping AI?,"""Lethal Autonomous Weapons"
Who reminded that the field of those broader goals and warned that the subfields were in danger of becoming ends in themselves?,Nils Nilsson (1995)
Who was motivated to consider the long-term future of Al after seeing Arthur Samuel's checker-playing program learn to beat its creator?,Norbert Wiener
What does the Kind Midas problem implies?,"""Midas"
What is the definition of agent?,anything that can be viewed as perceiving its environment through sensors and acting upon that environment through actuators.
What the word percept refer to?,It refer to the content an agent's sensors are perceiving.
What is an agent's percept sequence?,the complete history of everything the agent has ever perceived.
"""In general","what does an agent's choice of action at any given instant depend on?"""
What can we say mathematically on an agent's behavior?,An agent's behavior is described by the agent function that maps any given percept sequence to an action.
How AI is stucked to consequentialism?,We evaluate an agent's behavior by its consequences.
How can we capture the desirability related to consequentialism of an AI model?,It can be captured by a performance measure that evaluates any given sequence of environment states.
What is the difference on desirability between human and machine?,"""Human measures it from their point of view"
Who warns to ensure that “the purpose put into the machine is the purpose which we really desire”?,Norbert Wiener.
What does the King Midas problem inspire us?,We must accept the possibility that we might put the wrong purpose into the machine.
What can the definition of rational depends on?,The performance measure that defines the criterion of success; The agent's prior knowledge of the environment; The actions that the agent can perform; The agent’s percept sequence to date.
What is the difference of omniscience from rationality?,An omniscient agent knows the actual outcome of its actions and can act accordingly; but omniscience is impossible in reality.
What is the relationship between rationality and perfection?,"""Rationality maximizes expected performance"
What information gathering means?,Doing actions in order to modify future percepts.
How we will say that an agent lacks autonomy?,An agent relies on the prior knowledge of its designer rather than on its own percepts and learning processes.
What does an autonomous rational agent do?,It should learn what it can to compensate for partial or incorrect prior knowledge.
What is task environments?,They are essentially the “problems” to which rational agents are the “solutions.”
What is PEAS description?,"""Specify the performance measure"
What we can do as the range of task environments that might arise in Al is obviously vast?,We can identify a fairly small number of dimensions along which task environments can be categorized.
What dimensions we can indentify on task environments?,Fully observable vs. partially observable; single-agent vs. multiagent; deterministic vs. nondeterministic; episodic vs. sequential; static vs. dynamic; discrete vs. continuous; known vs. unknown
How can we say a task environment is fully observable?,an agent's sensors give it access to the complete state of the environment at each point in time.
How can we say a task environment is deterministic?,The next state of the environment is completely determined by the current state and the action executed by the agent(s).
What task environment makes an agent need not worry about uncertainty?,fully observable and deterministic.
What is the difference between stochastic and nondeterministic?,"""We say that a model of the environment is stochastic if it explicitly deals with probabilities (e.g."
How can we say a task environment is episodic?,"""The agent's experience is divided into atomic episodes"
How can we say a task environment is sequential?,The current decision of agent could affect all future decisions.
What are the examples of episodic and sequential task environments?,Many classification tasks are episodic; Chess and taxi driving are sequential.
Why episodic environments are much simpler than sequential environments?,The agent does not need to think ahead.
How can we say a task environment is dynamic for that agent?,The environment can change while an agent is deliberating.
How can we say a task environment is static for that agent?,The environment cannot change while an agent is deliberating.
Why static task envrionments are easy to deal with?,"""The agent need not keep looking at the world while it is deciding on an action"
How can we say a task environment is semidynamic?,The environment itself does not change with the passage of time but the agent's performance score does.
"""What are the examples of dynamic","semidynamic and static task environments?"""
What are the differences between discrete and continuous task environments?,"""The state of the environment"
What are the examples of discrete and continuous task environments?,"""Chess has a finite number of distinct states (excluding the clock)"
What does a known / unknown task environment refers to?,The agent's (or designer's) state of knowledge about the “laws of physics” of the environment.
How can we say a task environment is known?,The outcomes (or outcome probabilities if the environment is nondeterministic) for all actions are given.
How can we say a task environment is unknown?,The agent will have to learn how it works in order to make good decisions.
What is an example of partially observable and known task environment?,"""In solitaire card games"
What is an example of fully observable and unknown task environment?,"""In a new video game"
What kind of task environment should be the hardest case?,"""partially observable"
What is an agent function?,The mapping from percepts to actions.
What is the agent architecture?,A program will run on some sort of computing device with physical sensors and actuators
What the architecture does to a program?,"""In general"
What are the four basic kinds of agent programs that embody the principles underlying almost all intelligent systems?,Simple reflex agents; Model-based reflex agents; Goal-based agents; and Utility-based agents.
What does simple reflex agents do?,"""These agents select actions on the basis of the current percept"
What does condition-action rule similar to?,if-then statements.
What is the more general and flexible approach for simple reflex agent?,Firstly build a general-purpose interpreter for condition-action rules and then to create rule sets for specific task environments.
How can a simple reflex agen escape from infinite loops?,The agent can randomize its actions.
What is better instead of allowing simple reflex agents to randomize its actions?,A more sophisticated deterministic agent.
What is the most effective way to handle partial observability for the agent?,The agent should maintain some sort of internal state that depends on the percept history and thereby reflects at least some of the unobserved aspects of the current state.
What kind of knowledge is required in updating model-based reflex agents' internal state information as time goes by?,"""First"
How the information about how the world changes over time in model-based reflex agent can be divided?,The effects of the agent's actions and how the world evolves independently of the agent.
What does the knowledge about “how the world works” is called?,The transition model of the world.
What is sensor model in model-based reflex agent?,"""A kind of knowledge"
What is the definition of model-based reflex agent?,An agent using transition model and sensor model.
How transition model and sensor model function in model-based reflex agent?,allow an agent to keep track of the state of the world.
Which part in model-based reflex agent's structure is interesting?,The function which is responsible for creating the new internal state description.
What does the model-based reflex agent's knowing of the current world actually is?,"""It represents the agent's “best guess”"
What does goal information do to agents?,It describes situations that are desirable.
How a goal-based agent appears being more flexible?,It may appears less efficient.
Why economists and computer scientists use the term utility instead?,"""It is because it sounds more scientific then words like """"happy""""."""
What will happen if the internal utility function and the external performance measure are in agreement?,An agent that chooses actions to maximize its utility will be rational according to the external performance measure.
What does a utility function do when there are conflicting goals?,It specifies the appropriate tradeoff.
What does a utility function do when there are several goals that the agent can aim for?,It provides a way in which the likelihood of success can be weighed against the importance of the goals.
How can we say technically about a rational utility-based agent?,"""It chooses the action that maximizes the expected utility of the action outcomes—that is"
What will happen if an agent possesses an explicit utility function?,It can make rational decisions with a general-purpose algorithm that does not depend on the specific utility function being maximized.
What is hard in utility-based function?,A utility-based agent has to model and keep track of its environment; Choosing the utility-maximizing course of action.
What is the advantage for agent to learn?,It allows the agent to operate in initially unknown environments and to become more competent than its initial knowledge alone might allow.
What is the conceptual components for a learning agent?,Learning element; Performance element; Critic; Problem Generator.
What does the learning element in the components for a learning agent do?,It is responsible for making improvements.
What does the performance element in the components for a learning agent do?,It is responsible for selecting external actions.
What does the critic in the components for a learning agent do?,The critic tells the learning element how well the agent is doing with respect to a fixed performance standard.
How should we think when we are trying to design an agent that learns a certain capability?,The first question is not “How am I going to get it to learn this?” but “What kind of performance element will my agent use to do this once it has learned how?”
Why critic is necessary for a learning agent?,The percepts themselves provide no indication of the agent's success.
What does the problem generator in the components for a learning agent do?,It is responsible for suggesting actions that will lead to new and informative experiences.
What will happen if an agent is willing to explore a little and do some perhaps suboptimal actions in the short run?,It might discover much better actions for the long run.
What is needed when we are trying to learn a reflex component or a utility function?,Information from the external standard.
What does the performance standard distinguishes part of the incoming percept as?,A reward or penalty that provides direct feedback on the quality of the agent's behavior.
How can we rank the representations of task environments in their expressiveness?,"""Atomic"
What does a particular agent component that deals with “What my actions do” do?,"""It describes the changes that might occur in the environment as the result of taking an action"
What happens in an atomic representation?,Each state of the world is indivisible—it has no internal structure.
What are the examples of areas work with atomic representations?,"""Search and game-playing"
What does a factored representation do?,"""It splits up each state into a fixed set of variables or attributes"
What are the examples of areas work with factored representations?,"""Constraint satisfaction algorithms"
What happens in a structured representation?,Objects and their various and varying relationships can be described explicitly
When we need the structured representation?,"""When we need to understand the world as having things in it that are related to each other"
What are the examples of areas work with structured representations?,"""Relational databases and first-order logic"
How reasoning and learning changes following to the expressive power of the representation of an agent's environment?,Reasoning and learning become more complex as the expressive power of the representation increases.
How can we gain the benefits of expressive representations of agent environments while avoiding their drawbacks?,Intelligent systems for the real world may need to operate at all points along the axis simultaneously
What happens in a localist representation?,There is a one-to-one mapping between concepts and memory locations.
What happens in a distributed representation?,"""The representation of a concept is spread over many memory locations"
"""Which representations are more robust against noise and information loss","localist one or distributed one?"""
What bad situation might happen using localist representations?,"""The mapping from concept to memory location is arbitrary"
What is the definition of problem-solving agent?,An agent that need to plan ahead: to consider a sequence of actions that form a path to a goal state.
What is the definition of search?,The computational process that a problem-solving agent undertakes.
What representations do Problem-solving agents use?,Atomic representations.
What happens to informed algorithms?,The agent can estimate how far it is from the goal.
What happens to uninformed algorithms?,The agent cannot estimate how far it is from the goal.
What is the four-phrase problem-solving process?,Goal formulation; problem formulation; Search; Execution.
What an agent does in goal formulation phase?,The agent adopts the goal of a task.
How does the goals act in an agent's goal formulation phase?,Goals organize behavior by limiting the objectives and hence the actions to be considered.
What an agent does in problem formulation phase?,The agent devises a description of the states and actions necessary to reach the goal—an abstract model of the relevant part of the world.
What an agent does in search phase?,"""Before taking any action in the real world"
What is the definition of solution for problem-solving agent?,A sequence of actions that reaches the goal.
What an agent does in execution phase?,"""The agent excute the actions in the solution"
"""How is the solution in a fully observable",deterministic
What open-loop system is by the control theorists?,A system ignoring the percepts breaks the loop between agent and environment.
"""Which loop is more safer for a problem-solving agent","open-loop or closed-loop?"""
How is the solution in a partially observable or nondeterministic environment?,A solution would be a branching strategy that recommends different future actions depending on what percepts arrive.
What is the definition of the state space?,A set of possible states that the environment can be in.
What is the definition of the initial state?,The state that the agent starts in.
What is the definition of the goal states?,A set of states that are goals to the agent.
What is the definition of transition model to problem-solving agent?,A model which describes what each action does.
What is the definition of action cost function?,A function reflects an agent's own performance measure.
"""What is the definition of a search """"problem""""?""","""The combination of a state space"
What is the definition of an optimal solution?,The solution having the lowest path cost.
What is the possible meaning of model?,"""An abstract mathematical description"
What is the definition of abstraction?,The process of removing detail from a representation.
How can we say an abstraction is good?,It involves removing as much detail as possible while retaining validity and ensuring that the abstract actions are easy to carry out.
What will happen if we don't have the ability to construct useful abstractions?,The intelligent agents would be completely swamped by the real world.
What is the definition of standardized problem?,It is intended to illustrate or exercise various problem-solving methods.
How can researchers use a standardized problem?,A standardized problem is suitable as a benchmark for researchers to compare the performance of algorithms.
What is the definition of real-world problem?,"""It is one whose solutions people actually use"
What is a grid world problem?,It is a two-dimensional rectangular array of square cells in which agents can move from cell to cell.
What agents can do to objects in cells in a grid world problem?,"""Cells can contain objects"
What wall or impassible obstacles do in a grid world problem?,Those things in a cell prevents an agent from moving into that cell.
What is the example of a grid world problem?,Sokoban puzzle.
What is a sokoban puzzle?,"""It is a puzzle that the agent's goal is to push a number of boxes"
What is a sliding-tile puzzle?,It is a puzzle that a number of tiles (sometimes called blocks or pieces) are arranged in a grid with one or more blank spaces so that some of the tiles can slide into the blank space.
What is a touring problem?,"""It is a problem that describes a set of locations that must be visited"
What is the traveling salesperson problem (TSP)?,It is a touring problem in which every city on a map must be visited.
What does a VLSI layout problem requires?,It requires positioning millions of components and connections on a chip.
What does a VLSI layout problem aims to?,"""It aims to minimize area"
How does the VLSI layout problem be splited?,It is split into two parts: cell layout and channel routing.
What is the difference of robot navigation from following distinct paths?,"""A robot can roam around"
What problem do real robots must also deal with in robot navigation?,"""Their sensor readings and motor controls"
Since when does the automatic assembly sequencing of complex objects (such as electric motors) by a robot have been standard industry practice?,1970s.
What is protein design?,"""It is an assembly problem"
What is the definition of search algorithm?,"""A search algorithm takes a search problem as input and returns a solution"
What does a node in a search tree corresponds to?,A state in the state space.
What does an edge in a search tree corresponds to?,An action.
What does the root in a search tree corresponds to?,The initial state of the problem.
What is the distinction of the state space from the search tree?,"""The state space describes the (possibly infinite) set of states in the world"
What is the distinction of the search tree from the state space?,"""The search tree describes paths between these states"
What is the process of expanding a node?,"""We can expand the node"
"""If A is a child node of B","what B is of A?"""
What is the essence of search?,Following up one option now and putting the others aside for later.
How can we say a node is reached?,The node has had a node generated for it.
What is best-first search?,"""We choose a node"
What is node?,A node in the tree is represented by a data structure with four components: State; Parent; Action; Path cost.
What is the componenets of a node?,State; Parent; Action; Path cost.
What is queue?,A data structure used to store the frontier.
What are the possible operations on a frontier?,check whether it is empty; remove the top node; return the top node; insert node into proper place
What is a priority queue?,"""A kind of queue which first pops the node with the minimum cost according to some evaluation function"
Where does a priority queue might be used?,It is used in best-first search.
What is a first-in-first-out (FIFO) queue?,A kind of queue which first pops the node that was added to the queue first.
Where does a FIFO queue might be used?,It is used in breadth-first search.
What is a last-in-first-out (LIFO) queue?,A kind of queue which first pops the node that was added most recently to the queue.
Where does a LIFO queue might be used?,It is used in depth-first search.
What is the example of loopy path in a search?,The search goes repeatedly between two states.
what is the possible consequence if loopy path occurs in a search?,The complete search tree is infinite.
What should be eliminated in the search?,Redundant paths.
What possible methods can be used to eliminate redundant paths?,Remember all previously reached states to detect redundant paths; do not consider it for minor problem formulations; only check for cycles but not for redundant paths in general.
What is a graph search?,A search algorithm which checks for redundant paths.
What is a tree-like search?,A search algorithm which does not check for redundant paths.
What is an example of graph search algorithm?,The Brst-First-Search algorithm.
What are the evaluation methods on an algorithm’s performance?,Completeness; Cost optimality; Time complexity; Space complexity.
What does Completeness evaluates specificly on an algorithm's performance?,"""Is the algorithm guaranteed to find a solution when there is one"
What does Cost optimality evaluates specificly on an algorithm's performance?,Does it find a solution with the lowest path cost of all solutions?
What does Time complexity evaluates specificly on an algorithm's performance?,"""How long does it take to find a solution? This can be measured in seconds"
What does Space complexity evaluates specificly on an algorithm's performance?,How much memory is needed to perform the search?
What kind of search algorithm will be complete?,"""A search algorithm which is systematic in the way it explores an infinite state space"
What evaluation methods on an algorithm’s performance are considered with respect to some measure of the problem difficulty?,Time and space complexity.
What variables can we use in measuring the complexity of an algorithm?,"""d"
What is an informed search strategy?,One that uses domain-specific hints about the location of goals.
What is heuristic function?,The estimated cost of the cheapest path from the state at node n to a goal state.
What is Greedy best-first search?,Greedy best -first search is a form of best-first search that expands first the node with the lowest value on the grounds that this is likely to lead to a solution quickly.
Why the algorithm is called “greedy”?,"""On each iteration it tries to get as close to a goal as it can"
What is A* search?,A* search is a best-first search that uses the evaluation function f(n) = g(n) + h(n).
What is g(n)?,g(n) is the path cost from the initial state to node n.
What is f(n)?,f(n) is the estimated cost of the best path that continues from n to a goal.
What is the properties of A* search?,"""A* search is complete"
What is the drawback of A* search?,A* search uses a lot of space and memory.
What is an admissible heuristic?,An admissible heuristic is one that never overestimates the cost to reach a goal.
What is a contour?,A contour is a useful way to visualize a search by drawing it in the state space.
Does uniform-cost search has contours?,"""Yes"
What does the contours with uniform-cost search look like?,"""The contours with uniform-cost search will be “circular” around the start state"
What is satisficing solutions?,"""Satisficing solutions are when we accept solutions that are suboptimal"
What is bounded suboptimal search?,We look for a solution that is guaranteed to be within a constant factor W of the optimal cost.
Which algorith provides bounded suboptimal search?,Weighted A* provides bounded suboptimal search.
What is bounded-cost search?,We look for a solution whose cost is less than some constant C.
What is unbounded-cost search?,"""We accept a solution of any cost"
What is the example of an unbounded-cost search algorithm?,An example of an unbounded-cost search algorithm is speedy search.
What is speedy search?,"""The speedy search is a version of greedy best-first search that uses as a heuristic the estimated number of actions required to reach a goal"
What is Iterative-deepening A* search?,Iterative-deepening A* search (IDA*) is to A* what iterative-deepening search is to depthfirst.
What is the benefits of Iterative-deepening A* search?,"""Iterative-deepening A* search gives us the benefits of A* without the requirement to keep all reached states in memory"
What is recursive best-first search?,"""Recursive best-first search attempts to mimic the operation of standard best-first search"
What is beam search?,"""Beam search puts a limit on the size of the frontier; that makes it incomplete and suboptimal"
How to construct good heuristics?,""" One can sometimes construct good heuristics by relaxing the problem definition"
How do local search algoritms function?,"""Local search algorithms operate by searching from a start state to neighboring states"
Are local search algoritms systematic?,"""No"
What are the advantages of local search algorithms?,They use very little memory; and they can often find reasonable solutions in large or infinite state spaces for which systematic algorithms are unsuitable.
What is hill-climbing search algorithm?,The hill-climbing search algorithm keeps track of one current state and on each iteration moves to the neighboring state with highest value.
Why hill climbing is called greedy local search?,Hill climbing is called greedy local search because it grabs a good neighbor state without thinking ahead about where to go next.
What is the drawback of hill climbing?,"""Hill climbing can get stuck when it reaches local maxima"
What is a local maximum?,A local maximum is a peak that is higher than each of its neighboring states but lower than the global maximum.
What is a plateau?,A plateau is a flat area of the state-space landscape.
What are the examples of plauteau?,"""A plauteau is a flat local maximum"
What is stochastic hill climbing?,Stochastic hill climbing chooses at random from among the uphill moves; the probability of selection can vary with the steepness of the uphill move.
What is first-choice hill climbing?,A first-choice hill climbing implements stochastic hill climbing by generating successors randomly until one is generated that is better than the current state.
What is random-restart hill climbing?,"""A random-restart hill climbing conducts a series of hill-climbing searches from randomly generated initial states"
How to get a success hill climbing?,"""A success hill climbing depends very much on the shape of the state-space landscape: if there are few local maxima and plateaus"
What is simulated annealing?,A simulated annealing combines hill climbing with a random walk in a way that yields both efficiency and completeness.
What is annealing?,"""Annealing is the process used to temper or harden metals and glass by heating them to a high temperature and then gradually cooling them"
What is local beam search?,The local beam search algorithm keeps track of k states rather than just one.
How does the local beam search operate?,"""It begins with k randomly generated states. At each step"
What is evolutionary algoritms?,Evolutionary algorithms can be seen as variants of stochastic beam search that are explicitly motivated by the metaphor of natural selection in biology.
What is genetic algorithm?,"""Genetic algorithms are similar to stochastic beam search"
When is the genetic algorithm advantageous?,Genetic algorithm is advantageous when there are blocks that perform useful functions.
What are empirical gradient methods?,Empirical gradient methods are methods that measure progress by the change in the value of the objective function between two nearby points
What is a belief state?,A belief state is a set of physical states that the agent believes are possible.
What is a sensorless problem?,A sensorless problem is when the agent’s percepts provide no information at all.
What are offline search algorithms?,Offline search algorithms compute a complete solution before taking their first action.
What are online search algorithms?,"""Online search algorithms take an action first"
How is an online search problem solved?,"""An online search problem is solved by interleaving computation"
What is competitive ratio?,Competitive ratio is the comparison of the cost with the path cost the agent would incur if it knew the search space in advance.
What are dead ends?,Dead ends are states from which no goal state is reachable.
What is the meaning of safely explorable?,Safely explorable is when some goal state is reachable from every reachable state.
What is random walk?,A random walk simply selects at random one of the available actions from the current state
What are competitive environments?,Competitive environments are in which two or more agents have conflicting goals.
What is an economy?,An economy is to consider a very large number of agents in the aggregate.
What are the examples of games that include an element of chance?,The examples are rolling dice or shuffling cards.
What are the examples of games of imperfect information?,"""The examples are poker and bridge"
"""What is """"perfect information""""?""",Perfect information is when the game is fully observable.
"""What is """"zero-sum""""?""",“Zero-sum” means that what is good for one player is just as bad for the other: there is no “win-win” outcome.
What are the formally defined elements of a game?,"""A game can be formally defined with initial state"
What is a terminal test?,A terminal test is true when the game is over and false if otherwise.
What is terminal states?,Terminal states are states where the game has ended.
What is a utility function?,A utility function defines the final numeric value to player p when the game ends in terminal state s.
What are the other names of a utility function?,The other names of a utility function are an objective function or payoff function.
What is a state space graph?,"""A state space graph is a graph where the vertices are states"
When do we use minimax search?,We uses minimax search for games with multiple outcome scores.
What is ply?,"""Ply is used to unambiguously mean one move by one player"
What is the minimax search algorithm?,The minimax search algorithm finds the best move for MAX by trying all actions and choosing the one whose resulting state has the highest MINIMAX value.
Is the minimax search algorithm recursive?,"""Yes"
What is the time complexity for the minimax search algorithm?,The time complexity of the minimax algorithm is O(b^m) if the maximum depth of the tree is m and there are b legal moves at each point.
What is alpha–beta pruning?,The alpha–beta pruning is the particular technique when we compute the correct minimax decision without examining every state by pruning large parts of the tree that make no difference to the outcome.
What is Type A strategy?,"""A Type A strategy considers all possible moves to a certain depth in the search tree"
What is Type B strategy?,"""A Type B strategy ignores moves that look bad"
What is the difference between the Type A strategy and Type B strategy?,"""Type A strategy explores a wide but shallow portion of the tree"
What is the example of games with Type A strategy?,Most of the chess programs have been Type A strategy.
What is the example of games with Type B strategy,Most of the Go programs are more often Type B strategy.
What is forward pruning?,"""A forward pruning prunes moves that appear to be poor moves"
Why we use Monte Carlo tree search?,"""We use Monte Carlo tree search because alpha–beta search would be limited to only 4 or 5 ply and"
What are sto4chastic games?,"""Stochastic games bring us a little closer to the unpredictability of real life by including a random element"
What is the example of stochastic games?,Backgammon is a typical stochastic game that combines luck and skill.
What are partially obsercable games?,Partially observable games includes the use of scouts and spies to gather information and the use of concealment and bluff to confuse the enemy.
What are the examples of partially obsercable games?,Video games such as StarCraft is the example of partially obsercable game.
What are stochastic partial observable games?,Stochastic partial observable games are where the missing information is generated by the random dealing of cards.
What are the examples of stochastic partial observable games?,"""Card games such as bridge"
When is Monte Carlo search preferred?,"""When the branching factor is high or it is difficult to define an evaluation function"
What is the limitation of alpha–beta search?,The limitation of alpha–beta search is its vulnerability to errors in the heuristic function.
What is the limitation of Monte Carlo search?,The limitation of Monte Carlo is that it is designed to calculate the values of legal moves.
What is metareasoning?,Metareasoning is the kind of reasoning about what computations to do.
What is a constraint satisfaction problem?,A constraint satisfaction problem is A problem that is solved when each variable has a value that satisfies all the constraints on the variable.
What are the components of a constraint satisfaction problem?,"""The three components are a set of variables (X)"
What is a consistent or legal assignment?,A consistent or legal assignment is an assignment that does not violate any constraints.
What is a complete assignment?,A complete assignment is one in which every variable is assigned a value.
What is a solution to a CSP?,"""A solution to a CSP is a consistent"
What is a partial assignment?,A partial assignment is one that leaves some variables unassigned.
What is a partial solution?,A partial solution is a partial assignment that is consistent.
Why do we formulate a problem as a CSP?,One reason is that the CSPs yield a natural representation for a wide variety of problems; it is often easy to formulate a problem as a CSP.
What are linear constraints?,Linear constraints are constraints in which each variable appears only in linear form.
What is unary constraint?,A unary constraint restricts the value of a single variable.
What is a global constraint?,A global constraint is a constraint involving an arbitrary number of variables.
What is constraint propagation?,"""It is using the constraints to reduce the number of legal values for a variable"
What is node-consistency?,A single variable is node-consistent if all the values in the variable’s domain satisfy the variable’s unary constraints.
What is arc-consistent?,A variable in a CSP is arc-consistent if every value in its domain satisfies the variable’s binary constraints.
What is the example of algorithm that enforce arc consistency?,The most popular algorithm for enforcing arc consistency is called AC-3.
What can path consistency do?,Path consistency tightens the binary constraints by using implicit constraints that are inferred by looking at triples of variables.
What is minimum-remaining-values?,Minimum-remaining-value is the idea of choosing the variable with the fewest “legal” values.
What can degree heuristic do?,Degree heuristic attempts to reduce the branching factor on future choices by selecting the variable that is involved in the largest number of constraints on other unassigned variables.
What can the least-constraining-value heuristic do?,The least-constraining-value heuristic prefers the value that rules out the fewest choices for the neighboring variables in the constraint graph.
What is the policy of backtracking-search algorithm?,The backtracking-search algorithm backs up to the preceding variable and try a different value for it.
What is a backjumping method?,A backjumping method backtracks to the most recent assignment in the conflict set.
What happens to the algorithm when no legal value is found?,"""When no legal value is found"
What is constraint learning?,Constraint learning is the idea of finding a minimum set of variables from the conflict set that causes the problem.
How can independence be ascertained?,Independence can be ascertained simply by finding connected components of the constraint graph.
What is a topological sort?,"""A topological sort is the ordering of picking any variable to be the root of the tree first"
What is a tree decomposition?,A tree decomposition is a transformation of the original graph into a tree where each node in the tree consists of a set of variable.
What is the example of the requirements of a tree decomp7osition?,One of the examples is every variable in the original problem appears in at least one of the tree nodes.
What is an axiom?,An axiom is the sentencet that is taken as being given without being derived from other sentences.
What is an inference?,An inference is deriving new sentences from old.
What requirement should inference obey?,""" Inference must obey the requirement that when one asks a question of the knowledge base"
What is the wumpus world?,The wumpus world is a cave consisting of rooms connected by passageways.
What is semantics?,"""Semantics are the meaning of sentences"
What is grounding?,Grounding is the connection between logical reasoning processes and the real environment in which the agent exists.
What is theorem prooving?,Theorem prooving is applying rules of inference directly to the sentences in our knowledge base to construct a proof of the desired sentence without consulting models.
When is a sentence valid?,A sentence is valid if it is true in all models.
When is a sentence satisfiable?,"""A sentence is satisfiable if it is true in"
What is monotonicity?,A monotonicity says that the set of entailed sentences can only increase as information is added to the knowledge base.
What do the algorithm do in early termination?,"""The algorithm detects whether the sentence must be true or false"
What is a pure symbol?,A pure symbol is a symbol that always appears with the ame “sign” in all clauses.
What is a unit clause?,A unit clause was a clause with just one literal.
What is unit propagation?,"""Unit propagation resembles the process of forward chaining with definite clauses"
What are atemporal variables?,Atemporal variables are symbols associated with permanent aspects of the world that do not need a time superscript.
What is the representational frame problem?,The representational frame problem is the specific manifestation of the frame problem.
How is knowledge contained?,Knowledge is contained in agents in the form of sentences in a knowledge representation language that are stored in a knowledge base.
Why do intelligent agents need knowledge?,Intelligent agents need knowledge about the world in order to reach good decisions.
How is a representation language defined?,"""A representation language is defined by its syntax"
Why is the relationship of entailment between sentences is crucial?,The relationship of entailment between sentences is crucial to our understanding ofreasoning.
What is sound inference?,Sound inference algorithms derive only sentences that are entailed.
What are complete algorithms?,Complete algorithms derive all sentences that are entailed.
What is propositional logic?,Propositional logic is a simple language consisting of proposition symbols and logical connectives.
What can propositional logic do?,"""Propositional logic can handle propositions that are known to be true"
What are inference rules?,Inference rules are patterns of sound inference that can be used to find proofs.
What is the resolution rule?,The resolution rule yields a complete inference algorithm for knowledge bases that are expressed in conjunctive normal form.
What are the natural reasoning algorithms for knowledge bases in Horn form?,Forward chaining and backward chaining are very natural reasoning algorithms for knowledge bases in Horn form.
What is a logical state estimation?,Logical state estimation involves maintaining a logical sentence that describes the set of possible states consistent with the observation history.
What do each update step of logical state estimation require?,"""Each update step requires inference using the transition model of the environment"
How decisions within a logical agent can be made by SAT solving?,It works by finding possible models specifying future action sequences that reach the goal.
Why does propositional logic do not scale to environments of unbounded size?,"""This is because e it lacks the expressive power to deal concisely with time"
How should knowledge representation languages be?,"""Knowledge representation languages should be declarative"
How does logic differs?,Logics differ in their ontological commitments and epistemological commitments.
What is the difference in propositional logic and first-order logic?,"""While propositional logic commits only to the existence of facts"
What is the similarity of propositional logic and first-order logic?,Both propositional logic and first-order logic share a difficulty in representing vague propositions.
How does the difficulty in representing vague propositions affect both propositional logic and first-order logic?,"""The difficulty limits their applicability in domains that require personal judgments"
What does the syntax of first-order logic does?,"""It adds terms to represent objects"
"""What does a possible world",or model
When is an atomic sentence true?,An atomic sentence is true only when the relation named by the predicate holds between the objects named by the terms.
What can extended interpretations do?,"""Extended interpretations"
What is the process of developing a knowledge base in first-order logic?,"""Developing a knowledge base in first-order logic requires a careful process of analyzing the domain"
What is AI?,Artificial Intelligence (AI) is the part of computer science concerned with designing intelligent computer systems.
What do the branches of AI have?,"""NLP"
What is the Turing Test?,Alan Turing devised a test for intelligence called the Imitation Game in.
Under what conditions can intelligence be proved to have passed the test?,"""If"
What capabilities would the AI need?,"""Natural language processing"
What are the cental goals of AI research?,"""Reasoning"
What is reasoning?,"""The reasoning is the mental process of deriving logical conclusion and making predictions from available knowledge"
What types of reasoning are there?,"""Deductive"
What is Deductive reasoning?,Deductive reasoning is deducing new information from logically related known information.
What is Inductive reasoning?,Inductive reasoning is a form of reasoning to arrive at a conclusion using limited sets of facts by the process of generalization.
What is Abductive reasoning?,Abductive reasoning is a form of logical reasoning which starts with single or multiple observations then seeks to find the most likely explanation or conclusion for the observation.
What is Common Sense?,"""Common sense reasoning is an informal form of reasoning"
How Intelligence applications should behave?,"""Intelligence applications are expected to respond to stimulation consistent with traditional responses from humans"
What three ways of thinking do we need to learn in artificial intelligence?,"""Introspection"
What is Itrospection?,Trying to catch our own thoughts as they go by.
What is psychological experiments?,Observing a person in action.
What is brain imaging?,Observing the brain in action.
What is rational behavior?,Doing the right thing!
What is the right thing?,"""It is expected to maximize goal achievement"
What are the advantages of studying AI as rational agent?,"""It is more general than using logic only"
What are the main roles that AI plays?,Study the intelligent part concerned with humans. Represent those actions using computers.
What is True AI?,"""True A.I. can improve on past iterations"
What do the currently popular approaches have?,"""Currently popular approaches include statistical methods"
"""What is the relationship among AI",ML
What are the advantages of AI?,"""Reduces in human error"
What are the disadvantages of AI?,"""Cost overruns"
What is knowledge?,Knowledge is a collection of information about a domain that can be used to solve problems within a domain.
What are the organization of konwledge?,"""Wisdom"
What is declarative knowledge?,"""Declarative knowledge is to know about something. It includes concepts"
What is procedural Knowledge?,Procedural knowledge is a type of knowledge which is responsible for knowing how to do something.
What is heuristic konwledge?,"""Heuristic knowledge is rules of thumb based on previous experiences"
What is structural knowledge?,It describes relationships between various concepts and the relationship that exists between concepts or objects.
What is Meta-knowledge?,It is not specific to any single domain but aims to describe the structure of the data present in the knowledge systems.
What is logical representation?,Logical representation is a language that is free from ambiguity issue.
What categories can logical representation be divided into?,Propositional and predicate.
What is proposition?,It is a sentence that is either true or false.
What is semantic network?,A semantic network or net -graph structure is used to represent knowledge in patterns of interconnected nodes and arcs.
What do the production rules consist of?,IF(condition) and THEN(action).
What are the advantages of production rule?,The production rules are expressed in natural language. The production rules are expressed in natural language.
What are the disadvantages of production rule?,"""Production rule system does not exhibit any learning capabilities"
What is Knowledge-based System?,A knowledge-based system (KBS) is a form of artificial intelligence (AI) that aims to capture the knowledge of human experts to support decision-making.
What is medical expert system?,An expert system is a computer program that represents and reasons with knowledge of some specialist subject with a view to solving problems or giving advice.
What do the typical tasks for expert system have?,"""The interpretation of data"
What do the complex decisions invovle?,Complex decisions involve intricate combination of factual and heuristic knowledge.
What do the structure of expert system reflect?,The structure of expert systems reflect the knowledge engineers understanding of the methods of representing knowledge and of how to perform intelligent decision making tasks with the support of a computer based system.
What is backward chaining?,Backward chaining starts from the goal and works backward through inference rules to find the required facts that support the goal.
What is the research strategy of backward chaining reasoning?,Backward chaining reasoning applies a depth-first search strategy.
What does the backward chaining apply to?,"""It is suitable for diagnostic"
What is forward chaining?,Forward chaining starts from known facts and applies inference rule to extract more data unit it reaches to the goal.
What is the research strategy of forward chaining reasoning?,Forward chaining reasoning applies a breadth-first search strategy.
What does the forward chaining apply to?,"""It is suitable for the planning"
What is knowledge engineering?,The process of building an expert system is called knowledge engineering and is done by a knowledge engineer.
What is knowledge engineer?,The knowledge engineer is a human with a background in computer science and AI and he knows how to build expert systems.
What is Five-in-row system?,Five-in-row system is normally is implemented as a board game.
What is search?,Search is a about exploring alternatives.
What are the application of search?,"""Route finding"
What is category?,"""Incremental formulation"
What is incremental formulation?,"""This problem involves operators that augment the state description"
What is complete-state formulation?,States are independent for each other.
What is toy problrm?,A toy problem is intended to illustrate or exercise various problem-solving methods.
What is real-word problem?,A real-world problem is one whose solutions people actually care about.
What’re the conditions for searching?,"""Observable"
What is observable?,You always know what’s going on currently.
What is discrete?,"""Given any state"
What is known?,The agent knows which states are reached by performing the corresponding action.
What is deterministic?,Each action has exactly one outcome.
What are goodness of a search strategy?,"""Completeness"
How to formulate searching?,"""States"
What is states?,The basic unit for searching.
What is initial state?,The state that the agent starts in.
What is action?,The operations that you can perform for the current state.
What is transition model?,The outcome of actions.
What is goal test?,Which determines whether a state is a goal state.
What is path cost?,Assign a numeric cost to each path.
How to solve searching problems?,"""A solution is an action sequence"
What dose a graph consist of?,Nodes and arcs.
What dose the problem space consist of?,"""A state space"
What’s uninformed Searching?,While searching you have no clue whether one non-goal state is better than any other.
What is breadth-first search?,Expand shallowest unexpanded node.
What is fringe?,"""Nodes waiting in a queue to be explored"
Does breadth-first search always find a solution if one exists?,Yes.
Does breadth-first search always find the best (least-cost) solution?,"""Yes"
How long breadth-first search will take?,1+b+b^2+b^3+… +b^d (nodes until the solution)
What is depth-first search?,Expand deepest unexpanded node.
Does depth-first search always find a solution if one exists?,No: fails in infinite-depth spaces.
How long depth-first search will take?,O(b^m) with m=maximum depth
Does depth-first search always find the best (least-cost) solution?,No (It may find a non-optimal goal first).
What is iterative deepening search?,Run multiple DFS searches with increasing depth-limits.
Does iterative deepening search always find a solution if one exists?,Yes.
Does iterative deepening search always find the best (least-cost) solution?,Only if path cost is a non-decreasing function of depth.
How long iterative deepening search will take?,b + (b+b^2) + .......(b+....b^d) = O(b^d).
What is uniform-cost search?,Always expand the node on the fringe with minimum cost g(n).
Does uniform-cost search always find a solution if one exists?,Yes.
Does uniform-cost search always find the best (least-cost) solution?,"""Yes"
How long uniform-cost search will take?,of nodes with path cost ≤ cost of optimal solution.
How much space does uniform-cost search take to complete the run?,of nodes with path cost ≤ cost of optimal solution.
How much space does iterative deepening search take to complete the run?,O(bd)
How much space does depth-first search take to complete the run?,O(bm)
How much space does breadth-first search take to complete the run?,"""O(b^d) (keeps every node in memory"
How many students are enrolled in Financial Modeling for Business Analysts and Consultants?,2174
How many students are enrolled in Beginner to Pro - Financial Analysis in Excel 2017?,2451
How many students are enrolled in How To Maximize Your Profits Trading Options?,1276
How many students are enrolled in Trading Penny Stocks: A Guide for All Levels In 2017?,9221
"How many students are enrolled in Trading Stock Chart Patterns For Immediate, Explosive Gains?",2917
How many students are enrolled in Options Trading 3 : Advanced Stock Profit and Success Method?,5172
How many students are enrolled in The Only Investment Strategy You Need For Your Retirement?,827
How many students are enrolled in Forex Trading Secrets of the Pros With Amazon's AWS?,4284
How many students are enrolled in Trading Options With Money Flow?,1380
How many students are enrolled in Financial Management Risk and Return For Securities?,3607
How many students are enrolled in Python Algo Trading: Sentiment Trading with News?,294
How many students are enrolled in Short Selling: Learn To Sell Stocks Before The Fall?,2276
How many students are enrolled in Basic Technical Analysis: Learn the structure of the market?,4919
How many students are enrolled in 7 Deadly Mistakes of Investing that Will Slash Your Profits!?,5354
How many students are enrolled in Financial Statements Made Easy?,8095
How many students are enrolled in Winning Forex Trading with Live Forex Trading Examples?,809
How many students are enrolled in Forex Traders - Create Your First Trading Robot. No Coding!?,2295
How many students are enrolled in Create A Business From Home Trading Stocks Today In 2017?,10149
How many students are enrolled in Introduction to Accounting : Mastering Financial Statements?,1916
How many students are enrolled in Beginner to Pro in PowerPoint: Complete PowerPoint Training?,5786
How many students are enrolled in Create Your Own Hedge Fund: Trade Stocks Like A Fund Manager?,4005
How many students are enrolled in Learn MQL5: Build an 8-Currency Hedging Robot (MetaTrader 5)?,2877
How many students are enrolled in Forex Trading: Your Complete Guide to Get Started Like a Pro?,1026
How many students are enrolled in Python Algo Stock Trading: Automate Your Trading!?,1165
How many students are enrolled in THE Forex Robot: Incredible ROI (Robot Included)?,1843
How many students are enrolled in Mastering High Probability Iron Condor Options Trading?,1030
How many students are enrolled in Options Trading Stocks: Proven Toolbox For Financial Success?,7884
How many students are enrolled in Forex Trading A-Z™ - With LIVE Examples of Forex Trading?,16900
"How many students are enrolled in Introduction to Finance, Accounting, Modeling and Valuation?",11441
How many students are enrolled in Beginner to Pro in Excel: Financial Modeling and Valuation?,22257
How many students are enrolled in Python for Finance: Investment Fundamentals & Data Analytics?,3811
How many students are enrolled in Financial Modeling for Startups & Small Businesses?,4991
How many students are enrolled in Options Trading - How to Win with Weekly Options?,7489
How many students are enrolled in Black Algo Trading: Build Your Trading Robot?,20195
How many students are enrolled in Accounting & Financial Statement Analysis: Complete Training?,10042
How many students are enrolled in Cryptocurrency Trading: Complete Guide To Trading Altcoins?,367
How many students are enrolled in Forex Robots: Expect To Earn 175% P.A. Forex Robot Included!?,10603
How many students are enrolled in Three Steps Trading - Live Trading - Real Account?,1197
How many students are enrolled in Option Trading for Rookies: Understand Options Completely?,2893
How many students are enrolled in How I Learned Stock Trading (and How You Can Too)?,1580
How many students are enrolled in Learn to Trade for Profit: Find and Trade Winning Stocks?,10605
How many students are enrolled in Trading Inside Bars - Master 1 Easy Pattern To Be Successful?,2996
How many students are enrolled in Four Fundamentals of Financial Planning?,6219
How many students are enrolled in Dividend Investing: Build Your Portfolio for a Better Future?,8314
How many students are enrolled in Learn Accounting. Understand Business.?,5572
How many students are enrolled in How to Consistently Win Trading Stocks in 30 Days or Less?,1433
How many students are enrolled in A Beginner's Guide to Quantopian Futures API?,936
How many students are enrolled in How to Buy Cheap Options - Options Trading Pricing Model?,658
"How many students are enrolled in Comprehensive Guide to Financial Markets, Investing &Trading?",4187
How many students are enrolled in Stock Trading Ninja: Complete System For Trading Success?,9445
How many students are enrolled in Hedge and Mutual Fund Careers: The Complete Guide?,3255
How many students are enrolled in Algorithmic Trading In Forex: Create Your First Forex Robot!?,7941
How many students are enrolled in The Power Modeling Bootcamp: Advanced Excel in 10 Days?,1680
How many students are enrolled in How to Win 97% of Your Options Trades?,5050
How many students are enrolled in How I Make Consistent Returns Trading Options?,2310
"How many students are enrolled in Forex Strategies: Kelly Criterion, Larry Williams and more!?",5528
"How many students are enrolled in Elite Trend Trader: Learn To Trade Stocks, Options & Forex?",6451
How many students are enrolled in Options Trading Introduction: Day Trade Stock Options?,12394
How many students are enrolled in The Almost Perfect Options Trading Strategy System - Unique?,1793
How many students are enrolled in Forex Trading - Learn to Trade Forex Like the Banks?,3223
How many students are enrolled in Learn to Trade for Profit:Trading with Japanese Candlesticks?,16385
How many students are enrolled in The Most Powerful Options Spread Trading Front Ratio Spread?,1487
How many students are enrolled in What Finance Job is for You? Explanation of 14 Finance Roles?,2951
How many students are enrolled in The Blueprint for Successful Stock Trading?,2697
How many students are enrolled in Start Trading Stocks Using Technical Analysis!?,3190
How many students are enrolled in Learn How to Set Up an Incubator Hedge Fund - Step-by-Step?,1406
How many students are enrolled in VPS for Forex Trading - Protect Your Forex Robots?,4252
How many students are enrolled in Introduction to Accounting: The Language of Business?,11958
How many students are enrolled in Basic Excel for Basic Bookkeeping and Accounting?,7743
"How many students are enrolled in Using 'The Greeks To Understand Options""?",2134
How many students are enrolled in Trading Options For Consistent Returns: Calendar Spreads?,1214
How many students are enrolled in How to Create Your Personal Budget?,3870
How many students are enrolled in FOREX Trading with Price Action?,484
How many students are enrolled in Emini ES Futures - Advanced Non Directional Options Trading?,1057
How many students are enrolled in Forex Trading - Advanced Fundamental Analysis?,1754
How many students are enrolled in How To Invest With Tiny Capital In Stocks ??,1239
How many students are enrolled in Learn How To Successfully Trade Stocks: In 5 Simple Steps?,2493
How many students are enrolled in Forex MetaTrader 4: Master MT4 Like A Pro Forex Trader?,2602
How many students are enrolled in Intermediate Options trading concepts for Stocks and Options?,2000
How many students are enrolled in Options Trading 101: The Basics?,1514
How many students are enrolled in Practical Accounts APP Overview?,1361
How many students are enrolled in Trend Traders Club: How To Find And Trade Fast Moving Trends?,1513
How many students are enrolled in Financial Statements Basics?,1374
How many students are enrolled in High performance Stock Trading using key Options techniques?,2103
How many students are enrolled in Introduction to Financial Statement Analysis?,1480
How many students are enrolled in Basics of Economics (College Level)?,2516
How many students are enrolled in Straddle Options Trading - Profit in Any Market Direction?,837
How many students are enrolled in Fundamentals of Forex Trading?,17160
"How many students are enrolled in Binary Options: Trading Strategies, 90% Accuracy and Signals?",1723
How many students are enrolled in Website Investing 101 - Buying & Selling Online Businesses?,6811
How many students are enrolled in Practical Accounts & Bookkeeping Automated Overview ?,2060
How many students are enrolled in Live Account - ETF Trading System - Hacking The Stock Market?,2318
How many students are enrolled in Stock Market Leverage: How to Start Trading Options Wisely?,2153
How many students are enrolled in Stock Market Foundations?,19339
How many students are enrolled in Advanced Accounting A Complete Study for CA / CMA / CFA / CS?,1535
How many students are enrolled in 61% Profit In 1 Month - Crush Your Forex Trading Paradigm?,1027
How many students are enrolled in How to create a routine Trading?,307
"How many students are enrolled in Forex Trading Secrets |MT4 Robot (EA) inside, no coding?",2096
How many students are enrolled in Introduction to Financial Modeling?,29167
How many students are enrolled in Quantitative Aptitude for Banking & Competitive Examinations?,1056
How many students are enrolled in Option Spreads and Credit Spreads Bundle?,2212
How many students are enrolled in B Com Accountancy I (Paper ECO 02 IGNOU)?,2946
How many students are enrolled in FOREX TRADING - Learn in a quick + profitable way + support?,271
How many students are enrolled in Stock market Investing Encyclopedia: How to invest in stocks?,3143
How many students are enrolled in Learn the basics of preparing accounting statements?,1951
How many students are enrolled in Elliott Wave -Forex Trading With The Elliott Wave Theory?,4022
How many students are enrolled in Corporate Finance - A Brief Introduction?,11724
How many students are enrolled in Excel functions to analyze and visualize data?,2283
How many students are enrolled in Building Financial Statements in Excel?,1181
How many students are enrolled in Transfer Pricing A Complete Analysis?,1852
How many students are enrolled in Accounting: Get Hired Without Work Experience?,4661
How many students are enrolled in Basic Bookkeeping Hacks?,5841
"How many students are enrolled in Forex Trading with Fixed 'Risk through Options Trading""?",611
"How many students are enrolled in Intro to Investment Banking, M&A, IPO, Modeling + Free Book?",1922
How many students are enrolled in How to Pick The Right Penny Stocks To Invest In 2017?,9015
How many students are enrolled in Top 10 Trading Ideas in the Equities Market?,661
How many students are enrolled in Intro to Financial Modeling?,1077
How many students are enrolled in Shark Accounting - Building a Business by the Numbers!?,6050
How many students are enrolled in Forex Trading MAKE YOUR FIRST TRADE TODAY!?,3523
How many students are enrolled in Accounting in 60 Minutes - A Brief Introduction?,56659
How many students are enrolled in Learn how to double your Forex Trading Account in one trade?,2900
"How many students are enrolled in Accounting Superpowers: Learn Accounts, Understand Business!?",1437
How many students are enrolled in Python Algo Trading: FX Trading with Oanda?,453
How many students are enrolled in Save on Your Taxes?,2437
How many students are enrolled in Financial Model Basics: Build a model from start to finish?,5057
How many students are enrolled in Option Trading for Rookies: The Covered Call Option Strategy?,6092
How many students are enrolled in EFT for Stock Options Trading Success & Making Better Trades?,4530
How many students are enrolled in Learn to Trade the Stock Market without Blowing Your Profits?,6967
How many students are enrolled in Get a Credit Repair Publication On Amazon and Live LIFE..?,727
How many students are enrolled in Fundamentals of Accounting?,1560
How many students are enrolled in Basics of Mutual Funds for CA / CMA / CS / CFA Exams?,1045
How many students are enrolled in Accounting 101: How to read an Accounting Balance Sheet?,3050
How many students are enrolled in Stock Options Day Trading Mindset for Success?,2988
How many students are enrolled in Introduction to bookkeeping and Accounting?,2623
How many students are enrolled in Learn to Trade The News?,1924
"How many students are enrolled in Value Investing, Taught by Six Superinvestors?",3804
How many students are enrolled in Get Acquired: Learn From The Head Of Acquisitions For eBay?,1420
How many students are enrolled in Stock Market investment: Practical Accounting?,1120
"How many students are enrolled in How to remove 'Risk from Penny Stocks - Options Trading""?",668
"How many students are enrolled in Tax Accounting: Difficult Topic, Made Easy to Understand?",1033
How many students are enrolled in Analysis of Company Financial Statements?,832
How many students are enrolled in Forex Trading Like Banks – Step by Step with Live Examples?,677
How many students are enrolled in Fundamentals of Investing!?,3125
How many students are enrolled in Bank Financial Management A Comprehensive Study?,1081
How many students are enrolled in Learn to Trade Forex and Stocks: From Beginner to Advanced?,1645
"How many students are enrolled in Master 'Technical Analysis and Chart reading skills Bundle""?",3348
How many students are enrolled in Naked Put Options Trade Covered Call & Poor Man Covered Call?,939
How many students are enrolled in The Ultimate Guide to Dividend & Dividend Growth Investing?,2115
How many students are enrolled in Build a DCF Valuation Model?,2053
How many students are enrolled in Introductory Financial Accounting?,1793
How many students are enrolled in Introduction to Cryptocurrencies and Blockchain?,3775
How many students are enrolled in Trade Pullback Candlestick Strategy - Make Consistent Pips?,521
How many students are enrolled in Use the Magic Multiple Moving Average Forex Trading system?,1097
How many students are enrolled in QuickBooks 2015 Training for Newbies?,2506
How many students are enrolled in TRADING PSYCHOLOGY: Trading Mindset Mastery?,975
How many students are enrolled in Option Trading: How to Adjust Delta-Neutral Strangles!?,1398
How many students are enrolled in Profitable binary option trading strategy?,1096
How many students are enrolled in Accounting 2 Simplified for You?,1446
How many students are enrolled in Project Funding Modelling (for Professionals)?,2736
How many students are enrolled in Investing: How I Consistently Beat The Stock Market?,2000
How many students are enrolled in Bookkeeping Basics: Understand the Fundamentals?,853
How many students are enrolled in Trading Options For Consistent Returns: Options Basics?,4077
How many students are enrolled in TechniTrader Leading Hybrid Indicator Trading?,4117
How many students are enrolled in Financial modeling: Build a DCF equity valuation model?,1369
How many students are enrolled in CryptoArbitrager: Bitcoin Trading Robot (no mining)?,1224
How many students are enrolled in Non Directional Weekly Options Trading System - ETF & Emini?,897
How many students are enrolled in Master Iron Condors - Double the credit for half the risk?,1338
How many students are enrolled in Basics of investing in Mutual Funds?,1589
How many students are enrolled in A Value Investing Approach to the Stock Market?,1189
How many students are enrolled in Learn how to INVEST for huge profits or make it big trading!?,701
"How many students are enrolled in How to Fund your Million Dollar Idea: Equity, Debt, Unfund?",1105
How many students are enrolled in Mastering Candlestick Charting : High Probability Trading?,123
How many students are enrolled in Stock Technical Analysis with R?,354
"How many students are enrolled in Get to know the VIX Index (aka 'The Fear Index)""?",727
How many students are enrolled in Apply finance concepts for smart project management?,3465
How many students are enrolled in Introduction to Futures Trading and Live Trade Demonstration?,54
How many students are enrolled in Crowdfunding to Win?,627
How many students are enrolled in Comprehensive Forex Mastery Program?,650
How many students are enrolled in Preparation of Consolidated Financial Statements (Basic)?,965
How many students are enrolled in Succeed in Bonds Even if You Don't Know Where to Start?,1113
How many students are enrolled in Learn to Trade for Profit: Ten Most Profitable Trading Rules?,739
How many students are enrolled in Succeed in Lotto Even if You Don't Know Where to Start!?,1201
How many students are enrolled in CFA Corporate Finance Level 2?,2474
How many students are enrolled in Pin Bars: The Most Powerful Forex Trading Signal?,494
How many students are enrolled in Stock Options Trades Using Interactive Brokers?,1580
How many students are enrolled in Introduction to Options - Strategies For Consistent Profits?,617
How many students are enrolled in Risk in Forex Transactions - for CA / CS / CFA exams?,2235
How many students are enrolled in Basics of Business Statistics (College Level)?,2293
"How many students are enrolled in Trading Seasonal Price Patterns in Stocks, Futures, & Forex!?",1094
How many students are enrolled in Interpreting Financial Statements?,1449
How many students are enrolled in Introduction to Bookkeeping (Accounting)?,3251
How many students are enrolled in CREDIT SPREAD SURGERY - Bear Call and Bull Put Mastery ?,607
How many students are enrolled in Investment Banking: How to Land a Job on Wall Street?,1218
How many students are enrolled in Learn To Invest In Index Funds and ETFs In 7 Easy Steps?,1132
How many students are enrolled in Financial modeling: Build a multiples valuation model?,656
How many students are enrolled in Trade Recap I - A Real Look at Futures Options Markets?,3339
How many students are enrolled in Advanced Stock Options for Serious Equity Investors!?,1271
How many students are enrolled in Trading Binary Options for Fun and Profit?,1574
How many students are enrolled in CFA: Fast Track your career in Finance?,1393
How many students are enrolled in How to be a Profitable Forex Trader?,1029
How many students are enrolled in Excel Dashboard - Interactive Excel Dashboard and Charts?,843
How many students are enrolled in Accounting 101: Learn Business Finance Forecasting in 60mins?,1730
How many students are enrolled in The Securities Trade Lifecycle?,1182
How many students are enrolled in Double your Forex Account using the MAGIC MA trading robot?,1160
How many students are enrolled in Technical Analysis 101: How to Profit During Market Crashes?,1730
How many students are enrolled in Advanced Accounting for Investment Banking?,1260
How many students are enrolled in Investing In Stocks With 10 Simple Rules?,871
How many students are enrolled in Venture Capital. What is it and Why it Matters to You!?,1566
How many students are enrolled in Cash Flow Valuation: Develop Your Financial Literacy?,2987
How many students are enrolled in Direction-Independ Trading - Elite Forex Traders Strategy?,973
How many students are enrolled in How to Become a Financial Analyst from Scratch!?,2177
How many students are enrolled in First Steps to Trading the Forexmarkets : Technical Analysis?,1772
How many students are enrolled in Financial analysis: Compare performance of companies?,1850
How many students are enrolled in Investment Crowdfunding 101 (a.k.a Equity Crowdfunding)?,4607
How many students are enrolled in Read financial statements like a pro?,12
How many students are enrolled in 10 Numbers Every Business Owner Should Know?,13
How many students are enrolled in Learn How To Trade Gold In 2017?,2
How many students are enrolled in IAS 18 - Revenue?,2571
How many students are enrolled in Fundraise the Simplified Way: A Crowdfunding Blueprint?,7
How many students are enrolled in Fundamentals of Accounting for Business Owners?,217
How many students are enrolled in Practical Financial Statement Analysis?,22
How many students are enrolled in Forex Management - Detailed Study for CA / CS / CFA Exams?,131
How many students are enrolled in Financial Statement Review 101: How to Find Errors?,5
How many students are enrolled in Professional Risk Manager (PRM) Certification: Level 1?,116
How many students are enrolled in International Tax - Tax Beyond boundaries?,27
How many students are enrolled in Advanced Excel functions?,1964
How many students are enrolled in Candlestick Analysis For Professional Traders?,913
How many students are enrolled in Build A Career In Forex Trading- Learn Fundamental Analysis?,2092
How many students are enrolled in Financial Modeling: Build a Complete DCF Valuation Model?,2240
How many students are enrolled in Hands-on Financial Modeling (With 6 Excel Templates)?,4601
How many students are enrolled in CAIIB Advanced Bank Management (Part I)?,2953
How many students are enrolled in Stock Market investment:Non financial fundamental analysis?,1091
How many students are enrolled in Learn How to Play CashFlow Game?,1459
How many students are enrolled in Basics of Business Finance?,4855
How many students are enrolled in Accounting Made Easy 2?,4034
"How many students are enrolled in Bitcoin: el futuro del dinero, hoy?",57
How many students are enrolled in Aprende a invertir practicando?,26
How many students are enrolled in Trading con retrocesos de Fibonacci?,14
How many students are enrolled in Mit Finanzwissen zu besserem Unternehmertum?,49
How many students are enrolled in Como hacer empresa en 10 sesiones prácticas?,11
How many students are enrolled in المحاسبة للإداريين و غير المحاسبين?,9
How many students are enrolled in 株式投資で本当のファンダメンタル分析ができるようになる?,91
How many students are enrolled in Curso de Trading práctico basado en casos reales?,44
How many students are enrolled in Curso Avanzado de Trading?,106
How many students are enrolled in สอนเทรดไบนารี่ อ๊อฟชั่นอย่างง่าย?,2079
How many students are enrolled in Análise de Concessão de Crédito?,31
How many students are enrolled in Technical Analysis Using Elliott Wave Theory?,217
How many students are enrolled in The Basics Of Volume Analysis?,611
How many students are enrolled in Business Accounting Made Easy?,1168
How many students are enrolled in Build a DCF Model from Scratch?,4653
How many students are enrolled in Technical Analysis - A practical approach for trade entry?,454
How many students are enrolled in Mastering Technical Analysis : Maximizing Trading Profits?,325
How many students are enrolled in The Complete Guide to Professional Trading with Elliott Wave?,228
How many students are enrolled in A Complete Guide to Becoming a Trader on the Forex Market?,562
How many students are enrolled in Technical Analysis 101: Secrets of Trading Revealed?,912
How many students are enrolled in Forex: What's a Trend and When it is Strong and Reliable?,2955
How many students are enrolled in Volatility Trading Analysis with R?,190
How many students are enrolled in How To Profit From Stock Market Volatility?,1736
How many students are enrolled in Awaken the Accountant in You | Master the Accounting Basics?,1135
How many students are enrolled in WE WILL PAY YOU TO TRADE WITH US?,2101
How many students are enrolled in Situational Trading: Proven Option Strategy for any Scenario?,1048
How many students are enrolled in Portfolio Management for CA / CS / CFA exams?,1740
How many students are enrolled in Algorithmic Trading in MATLAB: WFAToolbox App GUI (Finance)?,1749
How many students are enrolled in Finding an Unlimited Amount of Investors?,1187
How many students are enrolled in Bookkeeping Made Easy?,1263
How many students are enrolled in BITCOIN VISUALLY. Part I.?,115
How many students are enrolled in Learn and Master the Basics of Finance?,43
How many students are enrolled in FOREX : LearnTo Trade the Improved ( Advanced ) Patterns?,55
How many students are enrolled in Mastering the Market : (Technical Analysis + Candlestick)?,18
How many students are enrolled in Mastering Countertrend Trading : High Profit Trading Pattern?,14
How many students are enrolled in Exam 1 Review - Managerial Accounting (U of H)?,47
How many students are enrolled in * An Integrated Approach to the Fundamentals of Accounting?,134
How many students are enrolled in Get to grips with the CFA calculator?,153
How many students are enrolled in Financial Model Fundamentals-Learn the Essential Skills?,47
How many students are enrolled in Forex: Economic News Trading?,42
How many students are enrolled in Analyze Real Estate Investments | Financial Modeling?,120
How many students are enrolled in Raise Your Credit Score to 800 Or More....?,844
How many students are enrolled in Financial Management Budgeting Techniques?,2045
How many students are enrolled in Forex Killing Divergence - How to trade with precision?,1168
How many students are enrolled in Working Capital Management for CA / CFA / CPA Exams?,2342
How many students are enrolled in Risk Analysis - Capital Budgeting for CA / CS / CFA exams?,2268
How many students are enrolled in Corporate Finance 101: Financial Statement Analysis & Ratios?,967
"How many students are enrolled in Professional Options Trading, Simplified?",631
"How many students are enrolled in Advanced Options Concepts - Probability, Greeks, Simulation?",968
How many students are enrolled in Accounting Basics - A Complete Study?,1132
How many students are enrolled in Case Studies in Macro Economics?,114
How many students are enrolled in My Forex Strategy that win consistently over and over?,204
How many students are enrolled in Understand Banks & Financial Markets ?,1548
How many students are enrolled in Stock Technical Analysis with Python?,409
How many students are enrolled in How to Become an Accountant from scratch!?,1169
How many students are enrolled in How to invest in Gold?,249
How many students are enrolled in Automate Your Finances?,690
How many students are enrolled in MBA Accounting and Finance for Managers(Paper MS04 of IGNOU)?,1340
How many students are enrolled in Accounting Made Easy: A Quick Guide to Financial Accounting?,274
How many students are enrolled in Futures/Commodity Training (Basics)?,4863
How many students are enrolled in Cost Accounting Marginal Costing Theory and Practice?,1923
How many students are enrolled in The Big Volatility Short: The Best Trade On Wall Street!?,224
How many students are enrolled in Master Finance in Three Hours?,721
How many students are enrolled in Learn Options on Futures for Hedging Options and Stocks?,51
How many students are enrolled in Introduction to Value Growth Investing?,2768
How many students are enrolled in Become A Forex Trader - Forex trading like a professional?,1735
How many students are enrolled in Hedge Fund Trading System?,8985
How many students are enrolled in Bulletproof Personal Finance: Expert Asset Allocation?,1119
How many students are enrolled in Learn About Trading Options from a real wallstreet trader?,1046
How many students are enrolled in Forex Rate -Why it fluctuates -for CA / CMA / CS / CFA Exams?,2239
How many students are enrolled in How to Build a Massive Stock Portfolio from Zero!?,1882
How many students are enrolled in Budgeting Hacks to Build Wealth!?,4931
How many students are enrolled in Accounting and Finance for Bankers - A Comprehensive Study?,3056
How many students are enrolled in TRADING TRUTHS?,1405
How many students are enrolled in Forex Trading vs Option Trading?,1776
How many students are enrolled in How to Invest in Stocks + Billionaire Investing Tips?,1643
How many students are enrolled in TRADING TACTICS?,951
How many students are enrolled in Ultimate Retirement: Build Your Own Dynamic Retirement Plan?,1184
How many students are enrolled in build a solid foundation for trading options?,1115
How many students are enrolled in Forex Scam: Avoid the scam today?,1086
How many students are enrolled in Option Trading for Rookies: Basic Option Strategies?,810
How many students are enrolled in Business Analysis: Working with Use Cases?,2338
How many students are enrolled in Learn to Raise the Funds You Need via Crowdfunding?,3403
How many students are enrolled in Business finances?,4695
How many students are enrolled in Financial Accounting - A Brief Introduction?,17847
How many students are enrolled in Trading Economic Indicators - Complete Trading System?,2692
How many students are enrolled in Foundation of Options Trading and Investing?,6374
How many students are enrolled in Option Trading - How To Earn If You Can't Predict The Market?,2305
How many students are enrolled in Covered Calls - Powerful Income Strategy for Stock Traders?,22
How many students are enrolled in Accounting 1 Simplified for You?,2490
How many students are enrolled in [Value Investing] Where White People Keep Their Money?,2715
How many students are enrolled in How to Start Investing: Made Simple and Easy?,1506
How many students are enrolled in Basics of Commerce A Complete Study?,2197
How many students are enrolled in The Passive Investing Blueprint - Build Wealth Passively?,338
How many students are enrolled in 7 Steps: Your Introduction to Trading?,1076
How many students are enrolled in Forex - Elliott Wave Theory with Fibonacci. ?,2769
How many students are enrolled in The Actuarial Profession: Basic Sciences and Principles?,1531
How many students are enrolled in Investing in stocks: Avoid stock market loss?,1136
How many students are enrolled in QuickBooks Online: Complete Guide & Certification tips?,2187
How many students are enrolled in Build Financial Models & Value Companies The Easy Way?,1609
How many students are enrolled in Adventure Capital: How to pay off debt ?,2895
How many students are enrolled in Chart Patterns Trading Demystified?,1023
How many students are enrolled in Financial Planning & Analysis: Building a Company's Budget?,1988
How many students are enrolled in Simple things you must know before start FOREX (OFFER)?,1053
How many students are enrolled in Practical Finance?,4497
How many students are enrolled in Leaps Options Trading System - Diagonal Leaps Options Spread?,993
How many students are enrolled in Finance - Ratios Analysis & Interpretations?,10338
How many students are enrolled in Forex Trading - Learn to Trade From Scratch!?,1423
How many students are enrolled in Technical Analysis tools for Stocks and Options trading?,3555
How many students are enrolled in Quantitative Trading Analysis with R?,567
How many students are enrolled in Penny Stocks King: How 2 really Trade Penny Stocks (6 Hours)?,1085
How many students are enrolled in Get Started With Penny Stocks -Step by Step Guide to Trading?,7159
How many students are enrolled in CPA 101: How To Master Affiliate Marketing In No Time?,11517
How many students are enrolled in Corporate Internal Controls and Fraud Controls?,1
"How many students are enrolled in Forex trading tactics, that work!?",10
How many students are enrolled in Professional Risk Manager (PRM) Certification: Level 2?,41
How many students are enrolled in Trading Options Basics?,8
How many students are enrolled in Practical Trading on Financial Futures & Options Markets?,43
How many students are enrolled in Bookkeeping made simple?,23
How many students are enrolled in ChalkTalk: Financial Accounting?,25
How many students are enrolled in The 7 fundamentals to Successful Cashflow Management?,7
How many students are enrolled in How to trade options?,12
How many students are enrolled in Harnessing the Power of Growth Stocks?,29
How many students are enrolled in The Investment Banking Recruitment Series?,17
How many students are enrolled in Business Banking 101?,132
How many students are enrolled in CFA Level I Workshop 2: Financial Reporting & Analysis I ?,126
How many students are enrolled in Breakout Patterns Workshop by Pattern Trader?,32
How many students are enrolled in Asset Protection Using Offshore Companies?,480
How many students are enrolled in Get Credit for Your EIN That's Not Linked to Your SSN?,27
How many students are enrolled in Financial Translation?,167
How many students are enrolled in How to Pick Stocks?,131
How many students are enrolled in Accounting 101-Master Class for Understanding Business?,37
How many students are enrolled in High-Frequency Trading & Dark Pools?,19
How many students are enrolled in How To Crowdfund?,43
How many students are enrolled in Financial Statement Fundamentals for Small Biz & Investors?,751
How many students are enrolled in Master The Stock Market with practice?,49
How many students are enrolled in Introduction to Trade Theory (Technical Analysis) For Stocks?,45
How many students are enrolled in IAS 12 - Accounting for Income Taxes (Basics)?,4269
How many students are enrolled in Surpassing Your Kickstarter Goals?,124
How many students are enrolled in Forex: Learn to Trade Forex and FX Consistently?,956
How many students are enrolled in Trading: High-ROI Trading?,126
How many students are enrolled in Fundraising 101?,26
How many students are enrolled in Professional Bookkeeping & Accounting 2 - Bank Daybook?,91
How many students are enrolled in Filing with Companies House UK?,30
"How many students are enrolled in Build, Grow, and Protect Your Assets: A Step-by-Step Guide?",226
How many students are enrolled in The Advantages of ETF Options and Index Options Trading?,52
How many students are enrolled in Learn to Trade Forex - from Beginner to Professional?,89
"How many students are enrolled in Investing In Stocks For Big Gains, Fundamental Investing?",267
How many students are enrolled in Introduction to Equity Markets?,4770
How many students are enrolled in Financial Management - Ratio Analysis?,2046
How many students are enrolled in ALGOTECH Hedge Fund Method for Stock Market Trading?,605
How many students are enrolled in Futures/Commodity Trading?,472
How many students are enrolled in Complete Claritas Investment Certificate?,388
How many students are enrolled in Introduction to the economics of public services regulation?,98
How many students are enrolled in Accounting Standard 3 - An Analysis?,1888
How many students are enrolled in Essentials of money value: Get a financial Life !?,0
How many students are enrolled in Introduction to Project Management for Finance and Acct'g?,0
How many students are enrolled in Best Practices in Corporate Budgeting?,0
How many students are enrolled in Financial Statement Auditing Cycles?,0
How many students are enrolled in Case studies on credit appraisal for bankers?,0
How many students are enrolled in Building a Balanced Scorecard?,0
How many students are enrolled in Options Trading Foundation: Your journey to competency...?,0
How many students are enrolled in Forex how traders beat the markest with little experience?,0
How many students are enrolled in CFA Level 2- Quantitative Methods?,0
How many students are enrolled in Foundations of Investing?,0
How many students are enrolled in Capital Market Road Map?,495
How many students are enrolled in TRADING: 5K CHALLENGE?,375
How many students are enrolled in CurrencyFair - Avoid Bank Charges when converting currencies?,1730
How many students are enrolled in Bitcoin - A Comprehensive Guide?,283
How many students are enrolled in Forex Trading?,136
"How many students are enrolled in The True ' Secret Sauce For Stock Market Success""?",23
How many students are enrolled in Bookkeeping to Command Senior Bookkeeping Wages?,683
How many students are enrolled in Take Your Career to the Next Level with MBA Finance?,618
How many students are enrolled in How to Read Financial Statements: Build Financial Literacy.?,188
How many students are enrolled in Accounting Books of Accounts (College Level)?,911
How many students are enrolled in Forex Trading Profitably?,512
How many students are enrolled in Learn How to Trade Pump and Dumps. 5 Setups Well Explained.?,769
How many students are enrolled in Bitcoin Trading 101?,302
How many students are enrolled in Visualizing Data?,149
How many students are enrolled in IFRS Financial Reporting?,72
How many students are enrolled in Forex Trading System: Correlation EUR/GBP vs GBP/USD?,33
"How many students are enrolled in SAP Crystal Reports:Master-Detail,Cross-Tab,Sub-Reports?",13
How many students are enrolled in Learn Financial Accounting Different?,79
How many students are enrolled in CFA Level I Workshop 4: Fixed Income and Equity?,139
"How many students are enrolled in IAS37 - Provisions, Contingents Liabilities & Assets?",2247
How many students are enrolled in What You Should Know to Become a Trader?,17
How many students are enrolled in Financial Reporting A Comprehensive Study?,45
How many students are enrolled in An Abundance Mindset: How to Craft Yours?,33
How many students are enrolled in Forex Trading Profit 183%p.a : Trend is Our Friend-ALGOTREND?,54
How many students are enrolled in How to Build a Massive Retirement Plan from Scratch!?,1498
How many students are enrolled in Financial modeling: Build a forward looking financial model?,2317
How many students are enrolled in Bitcoin or How I Learned to Stop Worrying and Love Crypto?,65576
How many students are enrolled in Trend Following Stocks: A Complete Trading System?,1202
How many students are enrolled in Forex Basics?,22344
How many students are enrolled in Accounting Bank Reconciliation Statement (College Level)?,2189
How many students are enrolled in Bitcoin - Ethereum: Trading -Watch me manage my own account!?,431
How many students are enrolled in FOREX : Learn Technical Analysis?,1199
How many students are enrolled in FastTrack to Stock Trading Strategies?,5685
How many students are enrolled in Algorithmic futures trading - Investing with no experience?,1512
How many students are enrolled in Succeed in Forex Even if You Don't Know Where to Start!?,1806
How many students are enrolled in Hedge Fund Accounting and Valuation?,668
"How many students are enrolled in Binary, Forex, Stock and Bitcoin Trading Strategy?",3757
How many students are enrolled in 2 Easy Steps To Investment And Avoiding Traps?,828
How many students are enrolled in Using Xero for your bookkeeping needs do beautiful business?,39
How many students are enrolled in Capital Market Immersion?,613
How many students are enrolled in Forex Trading :RSI Indicator-A Secret Weapon?,57
"How many students are enrolled in Trading Mindset, and Three Steps To Profitable Trading?",246
How many students are enrolled in Professional Bookkeeping & Accounting 4:Trial Balance & More?,83
"How many students are enrolled in Internal Controls - Design, Implementation and Monitoring?",62
How many students are enrolled in Forex online live trading system (Special Offer)?,31
How many students are enrolled in Winning Options Trading System?,367
How many students are enrolled in Learn The ABC's Of Investing And Understanding True Financial Value?,3
How many students are enrolled in How to invest in Russian equity market?,3
How many students are enrolled in Handle difficult questions the bank manager will ask you?,2
How many students are enrolled in Credit Control Procedures?,3
How many students are enrolled in FMT: Forex Market Trader Certificate?,1
How many students are enrolled in Six Stage Negotiation?,1
How many students are enrolled in Financial Reporting - Fundamentals/Basics?,2
How many students are enrolled in Decide whether to Invest in a Business ?,1
How many students are enrolled in UK Tax Returns with HMRC?,2
How many students are enrolled in Financial Market Environment & Investment Strategies?,1
How many students are enrolled in How to Obtain a Business Loan?,1
How many students are enrolled in Evolution and Features of ETFs?,0
How many students are enrolled in Trade RSI Breakout Strategy: Great Risk/Reward Ratio (Forex)?,66
"How many students are enrolled in Day trading strategy for all level, with 72% success rate?",51
"How many students are enrolled in Accounting, Finance and Banking - A Comprehensive Study?",507
How many students are enrolled in Advanced Technical Analysis PART1!?,9
How many students are enrolled in Advanced Financial Management for CA / CS / CFA /CPA Exams?,375
How many students are enrolled in Learn the Foundations of Stocks and Options?,80
How many students are enrolled in Forex Trading Masterclass - Learn To Trade Better?,152
How many students are enrolled in Introduction to Accounting - Analyzing Financial Statements?,37
How many students are enrolled in Credit Risk Analysis?,194
How many students are enrolled in Fund Flow Analysis for CA / CFA / CPA Exams?,1184
How many students are enrolled in Python for Trading & Investing?,638
How many students are enrolled in Intro to Impact Investing?,44
How many students are enrolled in Stock Market - Swing Trading Strategies for Wall Street?,814
How many students are enrolled in Essential Options: Strategies for Mastering the Stock Market?,211
How many students are enrolled in The Day Trader: Learn to Trade The Stock Market and Forex?,768
How many students are enrolled in Introduction To The World Of Equity Finance?,29
How many students are enrolled in Stock Technical Analysis with Excel?,156
How many students are enrolled in Mortgage Backed Securities?,376
How many students are enrolled in Fundamental Financial Math?,406
How many students are enrolled in Equity Swaps?,394
How many students are enrolled in Proven Methods In Trading Candlestick Patterns?,438
How many students are enrolled in Read financial statements as a stock investor?,56
How many students are enrolled in Investing: How to Fix Hidden Flaws Inside Your Portfolio?,58
How many students are enrolled in Certificate Program in Financial Accounting?,1047
How many students are enrolled in Trading Biotech Stocks - Understanding the Healthcare Sector?,166
How many students are enrolled in Indian Contract Act 1872: Must for all Finance Professionals?,605
How many students are enrolled in Fundraising Success: The Art & Science of Major Gifts?,38
How many students are enrolled in Smart Trading Techniques for Safe & Consistent Weekly Result?,46
How many students are enrolled in Technical Trading and Investing Made Easy?,217
How many students are enrolled in Budgeting for Business?,78
How many students are enrolled in Complete Guide to Business Loans?,35
How many students are enrolled in Hot Trading Investing Strategy: ETF and Futures?,80
How many students are enrolled in Financial Management - A Complete Study?,1941
How many students are enrolled in MQL4 Programming for Traders: Build Robust Trading Robots!?,1367
How many students are enrolled in Ultimate Stock Market Investing: Learn How to Value Stocks?,1519
How many students are enrolled in Collection of Advanced Options concepts for Options traders?,2025
How many students are enrolled in No Bull Investing: Investing 101 For Financial Freedom?,1213
How many students are enrolled in Financial Modeling - Build Your Own 3 Statement Projection?,1092
How many students are enrolled in Small Business Owners: Drive a Productive Business and Grow?,5099
How many students are enrolled in Successful Day Trading with Fibonacci?,869
How many students are enrolled in Short Straddles - Exploit Earnings Option Volatility Crush?,59
How many students are enrolled in Technical Analysis 101: Ten Primary Candlestick Reversals?,1741
How many students are enrolled in Financial Analysis: A Recipe for Success?,19614
"How many students are enrolled in Basics of Fixed Income Valuation, CFA Level I 2017 Prep?",4
How many students are enrolled in Intro to Financial Statement Audits?,1
"How many students are enrolled in How to Get Growing, Passive Income from the Fortune 500!?",4
How many students are enrolled in Managing Budgets in the Public and Non Profit Sector?,4
How many students are enrolled in System of Asset Management for Professionals (SAMP)?,8
How many students are enrolled in How to invest in Forex Trading & add an additional income?,8
How many students are enrolled in Tax made simple for Limited Company Owners and Contractors?,11
How many students are enrolled in Introduction to the 8 Pillars for Accountants?,18
How many students are enrolled in Write a Successful Business Grant Proposal?,6
How many students are enrolled in A Guide To Trade Binary Options Like An Expert?,4
How many students are enrolled in Ratio analysis for bankers and credit analysts?,1
How many students are enrolled in Numbers for the Business Plan?,210
How many students are enrolled in Dash Crypto Currency Technical and Trading Overview Bootcamp?,4
How many students are enrolled in 4. Ordinary Simple Annuities: The Basics?,237
How many students are enrolled in الدروس التعليمية لسوق الفوركس والأسواق المالية الأخرى?,368
How many students are enrolled in Financial Risk Manager (FRM) Certification: Level II?,86
How many students are enrolled in Level 1 2014 CFA® Program – Corporate Finance?,204
How many students are enrolled in 3. Compound Interest ?,570
How many students are enrolled in 8. Amortization Schedules?,225
How many students are enrolled in Finance Fundamentals for Non Finance Leaders?,37
How many students are enrolled in Strategy layout and Backtesting?,36
How many students are enrolled in Easy Forex and Futures Trading?,218
How many students are enrolled in Finanzas y Análisis Financiero: Manejo Seguro de Negocios?,50
How many students are enrolled in Aprende a hacer paper trading (simulación) con Ninja Trader?,148
How many students are enrolled in Trading mit kleinen Konten - Grundlagen die du kennen musst?,74
How many students are enrolled in entiende la contabilidad y consigue un aumento de salario?,260
How many students are enrolled in Trade for Profit: Find-Trade Stocks Successfully Arabic عربي?,299
How many students are enrolled in Trading Forex - L'analyse des volumes?,4
How many students are enrolled in Disminuye deudas en tu hogar en menos de 30 días?,65
How many students are enrolled in CPA 10 COMPLETO?,101
How many students are enrolled in Trading Intradiario basado en Precio y Volumen?,92
How many students are enrolled in Aprenda Cálculo Financeiro de Forma Simples?,76
How many students are enrolled in Wie funktionieren Bitcoin? Ein Einführungskurs.?,14
How many students are enrolled in Estruturação Financeira?,18
How many students are enrolled in Five steps to becoming a winner in stock investing?,21
How many students are enrolled in Introduction to Financial Consolidation under IFRS?,21
How many students are enrolled in How to read a Profit & Loss Account and Balance Sheet?,49
How many students are enrolled in Learn Bookkeeping From Scratch?,168
How many students are enrolled in ACCA MA1 Management Information?,16
How many students are enrolled in Stock Trading: Ultimate Guide to swing trading stocks?,336
How many students are enrolled in Bookkeeping Systems?,20
How many students are enrolled in Precious Metal Equities?,28
How many students are enrolled in Start Now: A Rescue Plan for Retirement Late Savers?,11
How many students are enrolled in Eu Funding: Module 2 - Introduction to Horizon 2020?,11
How many students are enrolled in How I Make Money Writing About Stocks Online?,360
How many students are enrolled in Tradeonomics - Four Steps to Mastering Economic Indicators?,1189
How many students are enrolled in Improve Your Financial Literacy?,9995
How many students are enrolled in Forex Trading : Power Of Moving Averages?,100
How many students are enrolled in Demystifying Your Personal Tax Return?,3426
How many students are enrolled in Samuel and Co Trading - Stock & Forex Trading?,592
How many students are enrolled in Accounting Department's Tips & Tricks - Beginner to Advanced?,1222
How many students are enrolled in Certificate Program In Management Accounting?,1532
How many students are enrolled in How I Trade Forex Successfully?,5768
How many students are enrolled in Professional Trading With Institutional Supply & Demand?,343
How many students are enrolled in Master Calendar Spreads with this live trade on Gold (GLD)?,540
How many students are enrolled in Accounting 101: Guide to Business Accounting?,2031
How many students are enrolled in An Introduction to Financial Markets on Wall Street?,7
How many students are enrolled in Win 90% of Trades; Quantitative Investments Models in Excel?,4
How many students are enrolled in The Forex Pivot Points Trading Strategy?,21
How many students are enrolled in Your Business by the Numbers?,29
How many students are enrolled in Forex - Trade Gartley with Precision - Complete Strategy?,50
How many students are enrolled in Create Trading Robot Without Coding Skills!?,5
How many students are enrolled in Accounting and the Triple Bottom Line?,6
How many students are enrolled in MQL5 - Beginner To Expert?,16
How many students are enrolled in How to be A High Performance Insurance Broker Part 2?,70
"How many students are enrolled in CFA Level I Workshop 5: Corp Finance, Quants II & Derivative?",110
How many students are enrolled in Trading News Using Binary Options?,1186
How many students are enrolled in Trading Trends in ANY Market?,632
How many students are enrolled in Financial Statements Analysis: Learn to Invest Like a Pro!?,1237
How many students are enrolled in Contango VXX - ETF Options Trading - Double Your Investment?,513
How many students are enrolled in Mergers and Acquisitions M&A Essentials You Need to Know?,4103
How many students are enrolled in TRADING MARKET MAP?,1489
How many students are enrolled in How To Confidently Join The Bitcoin Revolution?,547
How many students are enrolled in High Probability Trading Across Any Market: Stocks & Forex?,353
How many students are enrolled in Option Trading for Rookies: Make & Manage Profitable Trades?,507
How many students are enrolled in Your First Successful Forex Trades - With Case Studies?,1079
How many students are enrolled in MCA Accountancy and Financial Management -Paper MCS 35 IGNOU?,3667
"How many students are enrolled in High-Frequency Trading #1: Basics, History & Strategies?",2222
How many students are enrolled in Level 1 2014 CFA® Program – Derivatives?,225
How many students are enrolled in The Complete Investing Guide: How to Beat Wall Street?,13
"How many students are enrolled in Bitcoins - Past, Present, Future?",373
How many students are enrolled in Learn Accounting by Specific Examples - Part 1?,306
How many students are enrolled in Forex: Presentation and Analysis (Fundamental & Technical)?,14
How many students are enrolled in Year-end QuickBooks Procedures?,51
How many students are enrolled in Price Action Gap Trading Strategies?,13
How many students are enrolled in How to start a successful career in finance??,1318
How many students are enrolled in Level 1 2014 CFA® Program – Equity Investments?,347
How many students are enrolled in Wealth Management?,274
How many students are enrolled in Basics of Private Equity?,9
How many students are enrolled in Curso Completo del Mercado FOREX?,359
How many students are enrolled in Como Investir em Ações para Iniciantes?,6024
How many students are enrolled in Robots de Forex: espere ganar 175%p.a! Incluye Robot de Fx! ?,315
How many students are enrolled in ６時間でインターバンク市場を攻略！最短距離でトレード基礎力?,280
How many students are enrolled in Matemática Financeira de um jeito fácil?,401
How many students are enrolled in ビットコイン生態系｜既存通貨が主役をやめる日?,701
How many students are enrolled in Trading Forex - Trader avec les figures harmoniques?,57
How many students are enrolled in Введение в Финансовую Инженерию?,205
How many students are enrolled in Aprenda a Investir no Tesouro Direto Passo a Passo?,62
How many students are enrolled in 資産運用の基礎を学ぶファイナンス入門?,114
How many students are enrolled in Aprende a invertir y deja que tu dinero trabaje para ti?,789
How many students are enrolled in Buchführung lernen leicht gemacht?,446
How many students are enrolled in Day Trading: High ROI Day Trading ?,17
How many students are enrolled in Flow Management and Forecasting?,16
How many students are enrolled in An Introduction to Management of Portfolios (MoP)?,117
How many students are enrolled in CFA Level I Workshop 1: Ethics and Quantitative Methods?,147
How many students are enrolled in Accounting Basics 101 for Understanding Business?,7
How many students are enrolled in Mortgage Acceleration?,247
How many students are enrolled in CFA Corporate Finance Level 1 (Part 1)?,621
How many students are enrolled in Trading Tips from Hedge Fund Manager?,6
How many students are enrolled in Effective Debt Collection Strategies?,5
How many students are enrolled in IAS 1-Presentation of Financial Statements ?,2674
How many students are enrolled in Stock Trading Strategies Using a D.A.R.T.?,227
How many students are enrolled in Capital Structuring Techiques for CA / CFA / CPA Exams?,4480
How many students are enrolled in The Complete Guide to Forex Trading?,1329
How many students are enrolled in Learn How to Trade Binary Options Professionally?,5144
How many students are enrolled in Learn How to Start Small and Make It Big In Small-Cap Stocks?,2635
How many students are enrolled in Trading strategies with common sense technical analysis?,1750
How many students are enrolled in Startup Business: How To Raise Seed Capital?,3360
How many students are enrolled in Business Economics - Basics (College Level)?,3425
How many students are enrolled in Technical Analysis 101: Master the Basics of Trading?,2688
How many students are enrolled in Investing in Stocks? Master The Art of Covered Calls Selling?,1095
How many students are enrolled in How to Trade Binary Options Effectively – All Levels?,1680
How many students are enrolled in Stock Market: The Zero Risk Way of Investing?,2046
How many students are enrolled in Forex Trading using professional indicators by TOP traders?,1699
How many students are enrolled in Corporate Finance 101: Equity Valuation?,1071
How many students are enrolled in Trading Strategies: Find The Trading Strategy That Fits You?,1037
How many students are enrolled in Forex Trading - Learn An Effective Forex Trading Strategy?,223
How many students are enrolled in Navigate the 10-K and Other Financial Reports?,653
How many students are enrolled in From 0 to 1: Investments and Portfolio Theory?,230
How many students are enrolled in Bitcoin - The Complete Guide?,2281
How many students are enrolled in Bitcoin Peer Investing: How To Generate Double Digit Returns?,366
How many students are enrolled in Forex Breakout Profits: The Definitive Guide?,521
How many students are enrolled in Learn to Trade With Fibonacci Tools?,252
"How many students are enrolled in Investing Internationally into Real Estate, Stocks and Bonds?",1101
How many students are enrolled in From 0 to 1: Bond Theory and Valuation?,223
How many students are enrolled in Stock Market Mastery?,135
How many students are enrolled in UK Self Assessment Tax Return Filing Online?,23
How many students are enrolled in Introduction to Financial Statements?,112
"How many students are enrolled in IAS 8-Accounting Policies ,Changes in Accounting Estimates?",2122
How many students are enrolled in CFA® Level 1 2014 – Financial Reporting and Analysis?,152
How many students are enrolled in Investment Banking Operations : Securities Trade Life Cycle?,267
How many students are enrolled in Financial Risk Manager (FRM) Certification: Level I?,87
How many students are enrolled in IAS 10 - Events After Reporting Date?,2146
How many students are enrolled in Investment Portfolio Analysis with Excel?,154
How many students are enrolled in Introduction to the CFA Program?,4248
How many students are enrolled in Chartered Financial Analyst (CFA) - Level 1 - FRA?,517
How many students are enrolled in Excel 4 Accounting & Bookkeeping - Master Lookup Functions?,2638
How many students are enrolled in Cashflow Management for Small Businesses: A How To Guide?,2914
How many students are enrolled in Advanced Butterfly Spreads for Options Income Strategies?,16
How many students are enrolled in The Holy Grail of Auto Trading Forex Futures Stocks Revealed?,3917
How many students are enrolled in IPO Fundamentals?,1122
How many students are enrolled in Finance for Non-Finance: Learn Quick and Easy?,4158
How many students are enrolled in Statistics - Measures of Dispersion for CA / CS / CFA exams?,5108
How many students are enrolled in Financial Ratios Using Excel?,1223
How many students are enrolled in How To Start Trading Penny Stocks In 10 Easy Steps 2017?,7750
How many students are enrolled in How to Copy the Best Traders on Etoro?,564
How many students are enrolled in How To Set Up A Limited Company In The UK?,2075
How many students are enrolled in Forex trading made simple?,45
How many students are enrolled in Financial and Business Simulation with Microsoft Excel?,44
How many students are enrolled in 10. Bonds and Bond Pricing?,308
How many students are enrolled in Professional Risk Manager (PRM) Certification: Level 3?,55
How many students are enrolled in Stocks: Quick Method to get started Investing?,718
How many students are enrolled in The Fundamentals Of Finance For Non-Finance Professionals?,206
How many students are enrolled in Forex - Top Equity Management Strategy?,18
How many students are enrolled in The Truths about (in)secure Retirement?,86
How many students are enrolled in Learn How to File Taxes for Uber and Lyft Drivers?,294
How many students are enrolled in Learn the Basics of the Wave Principle:?,27
How many students are enrolled in MasterClass-Japanese & Heiken Ashi CandleStick Patterns?,375
How many students are enrolled in Start Trading Stocks Using Technical Analysis! Part 2?,94
How many students are enrolled in Introduction to Corporate Finance (Mergers & Acquisitions)?,2080
How many students are enrolled in Learn to trade Candlestick Patterns?,155
How many students are enrolled in High-Frequency Trading #2: Market Structure & Instruments?,1732
How many students are enrolled in The Art Of Financial Valuation With Certificate?,3372
How many students are enrolled in Sensitivity & Scenario Analysis for CA / CFA / CPA Exams?,2185
"How many students are enrolled in Economics: Competition, Elasticity, a little Game Theory?",1008
How many students are enrolled in Quantitative Trading Analysis with Python?,256
How many students are enrolled in Invest Like a Pro!?,1173
How many students are enrolled in Options Trading Essentials: The ULTIMATE Guides?,1352
How many students are enrolled in ACCA FA1 Recording Financial Transactions?,49
How many students are enrolled in CFA® Level 1 2014 – Portfolio Management?,124
How many students are enrolled in Essentials Of Swing Trading Stocks?,105
How many students are enrolled in Use Crowdfunding Effectively With Indiegogo and Kickstarter?,6533
How many students are enrolled in The Complete Litecoin Crypto Currency Bootcamp?,7
How many students are enrolled in Bank Reconciliation & VAT on Excel?,30
How many students are enrolled in Commodity Futures Day Trading Strategies?,91
How many students are enrolled in Learn to invest in the Stock Market?,28
How many students are enrolled in FX Commodity Chart Trading Patterns for Success?,83
How many students are enrolled in Forex Elite Trading?,623
How many students are enrolled in How to Invest in Startups - Expert Reveals Winning Secrets.?,1625
How many students are enrolled in Kickstarter success in 5 easy steps?,0
How many students are enrolled in Understanding Financial Statements?,0
How many students are enrolled in Planning and Executing a Financial Statement Audit?,0
How many students are enrolled in The Latest Updates 2016 Financial Accounting Standards Board?,1
How many students are enrolled in How to achieve personal transformation?,0
How many students are enrolled in Basic Bookkeeping?,0
"How many students are enrolled in Credit concepts and checklist for bankers, credit analyst?",0
How many students are enrolled in Practical Film Financing: Finding & Pitching Investors?,0
How many students are enrolled in Ratio Analysis for Financial Statements?,0
How many students are enrolled in 60 Minutes to Fundamental Accounting Skills?,0
"How many students are enrolled in Backspreads, Diagonals and Butterflies - Advanced Strategies?",737
How many students are enrolled in Trade Forex 13 Patterns - Golden Ratios Secret Revealed?,554
How many students are enrolled in Crystal ball trading - foresee price with seasonal patterns?,807
How many students are enrolled in Weekly Options and study of Options expiration dynamics?,779
How many students are enrolled in Learn to Reliably Invest In The Stock Market?,841
How many students are enrolled in Hedge Fund Trading Systems Part Two - Stocks & ETFs?,56
How many students are enrolled in Stock Market Option Trading: How Sell Options For Premium?,1909
How many students are enrolled in Straddles and Strangles - Volatility moves in any direction?,775
How many students are enrolled in Debt Collection Management: Get Paid On Time EVERY TIME!?,1255
How many students are enrolled in Learn about it?,1193
How many students are enrolled in Options Spreads Bundle- the heart of Options Trading?,623
How many students are enrolled in Trade the News in Forex: EA Robot Included?,276
How many students are enrolled in Investment Portfolio Analysis with R?,314
How many students are enrolled in Seeing the Big Picture: Understanding Financial Statements?,885
How many students are enrolled in Financial Modeling for Professionals in 1 Day!?,226
How many students are enrolled in Create Your Own Automated Stock Trading Robot In EXCEL!?,461
How many students are enrolled in FOREX: From Zero To Hero?,152
How many students are enrolled in Learn Call Options and Put Options - Introduction to Options?,1017
How many students are enrolled in 1. Principles of Simple Interest ?,1074
How many students are enrolled in Double Entry Bookkeeping?,440
How many students are enrolled in Succeed at Options Even If You Don't Know Where to Start?,36
"How many students are enrolled in Buying, Selling, and Storing Precious Metal?",74
How many students are enrolled in Accounting Skills for Managers?,78
How many students are enrolled in Analysis and Evaluation of Economic Feasibility of Projects?,10
How many students are enrolled in Technical Analysis: Understanding Price Action?,39
"How many students are enrolled in IAS 16-Property,Plant and Equipment ?",2166
How many students are enrolled in Basel II?,78
How many students are enrolled in Forex Trading Plan?,21
How many students are enrolled in Financial Modeling 101?,1086
How many students are enrolled in Learn Financial Modeling from Scratch - Part1?,7
How many students are enrolled in Learn Basic Concepts of Economics Step by Step - Complete?,2801
How many students are enrolled in Introduction to Digital Payments ?,12217
How many students are enrolled in The Beginner's Guide to the Futures and Options Trading?,6185
How many students are enrolled in Bitcoin Investing: The Complete Buy & Hold Strategy?,477
How many students are enrolled in Financial Modeling in Excel for Startups?,1334
How many students are enrolled in Learn to Trade Forex Naked Price Action Big Shadow Trade?,5407
How many students are enrolled in Build a Trading Comps Valuation Model?,1032
How many students are enrolled in Financial Management Capital Market Instruments?,2650
How many students are enrolled in NPV and IRR Techniques for CA / CFA / CPA Exams?,1551
How many students are enrolled in Commercial Credit Analysis?,545
How many students are enrolled in Essential Finance For Managers?,663
How many students are enrolled in Bitcoin for Accountants?,3519
How many students are enrolled in ProTrader - Advanced Technical Analysis?,825
How many students are enrolled in Binary Options Masterclass?,70
How many students are enrolled in 188% Profit in 1Year - Forex ALGO Robot Trading no indicator?,357
"How many students are enrolled in Financial Accounting, its Cycle, Statements & Analysis?",853
How many students are enrolled in Yield Curve Dynamics?,397
How many students are enrolled in Value Investing and Stock Market Fundamentals?,74
How many students are enrolled in Media Training for Financial Service Professionals?,1254
How many students are enrolled in Learn the Forex Naked Price Action Pogo Trade?,89
How many students are enrolled in Forex - Price action Reversal Strategy?,38
How many students are enrolled in Budget preparation for an EU project proposal?,18
How many students are enrolled in Corporate Finance and Alternative Investment for CFA L1?,103
How many students are enrolled in Don't Let Your Customers Run Your Business?,7
How many students are enrolled in Stock Trading: Insider Tips For Determining Market Direction?,104
How many students are enrolled in Working Capital Management for Entrepreneurs?,507
How many students are enrolled in Learn Quickbooks to maintain books properly?,241
How many students are enrolled in CFA Level I Foundation: Introduction to Financial Reporting?,226
"How many students are enrolled in Fixed Income Valuation and Analysis, CFA L2?",50
How many students are enrolled in Corporation Tax Returns UK?,100
How many students are enrolled in Trading For Busy People?,99
How many students are enrolled in Basics of Trading?,99
How many students are enrolled in CFP - Introduction to Financial Planning?,1192
How many students are enrolled in Investment Portfolio Analysis with Python?,209
How many students are enrolled in Day Trading Market Structure Signals?,5529
How many students are enrolled in Professional Bookkeeping and Accounting 3: Double Entry ?,81
"How many students are enrolled in Accounting Basics by Hector Garcia, CPA?",1924
How many students are enrolled in Stock Markets: How I Became Rich By Changing How I Trade?,646
How many students are enrolled in Learn About Bitcoin and Bitcoin Mining?,520
How many students are enrolled in Take Control By Learning The Stock Market Now?,1440
How many students are enrolled in Cost Accounting and Financial Management - A Complete Study?,452
How many students are enrolled in Learn Global Macro Trading & Investing for Retail Investor?,178
How many students are enrolled in Energiespar-Formel // Mehr Geld durch Wasser sparen Zuhause?,21
How many students are enrolled in high swing - كورس لتعليم جميع مراحل احتراف تداول الفوركس?,12
How many students are enrolled in TRADER BOT: Introdução à Linguagem MQL5?,209
How many students are enrolled in 财务分析与估值建模入门?,505
How many students are enrolled in Aprende desde cero a operar el mercado de divisas FOREX?,16
How many students are enrolled in Cómo usar Metatrader 4 para hacer trading??,25
How many students are enrolled in Zoho Books Gestion Financière d'Entreprise pas à pas?,229
How many students are enrolled in Aprende a llevar la contabilidad de forma informatizada?,6
How many students are enrolled in Psicología del trading?,1
How many students are enrolled in La costruzione del budget di una proposta comunitaria?,10
"How many students are enrolled in Erfolgreich als Signalgeber/in, per Social- und Copytrading?",1
How many students are enrolled in Aprenda a Investir?,34
How many students are enrolled in Teeter-Totter Accounting?,0
How many students are enrolled in beginning accounting?,0
How many students are enrolled in Stop Creditors from Harassing you and Avoid Bankruptcy?,0
How many students are enrolled in Learn to trade using technical analysis?,0
How many students are enrolled in How to Invest Using ETFs from Former Wall Street Trader?,0
How many students are enrolled in Workshop on Banking Credit Analysis Process?,0
How many students are enrolled in The Cuckoo Strategy to get European Funding?,0
How many students are enrolled in Accounting - The 6 most important rules you must learn?,0
How many students are enrolled in Mutual Funds for Investors in Retirement Accounts?,0
How many students are enrolled in Free Ways to Create Passive Income Online?,0
How many students are enrolled in The Cash Flow Statement - An Introduction?,0
"How many students are enrolled in Options Foundation - Time Decay, Implied Volatility, Greeks?",459
How many students are enrolled in Buying Call and Put Options - Options beginner strategies?,266
How many students are enrolled in How To Trade RSI Pullback Strategy: Entry To Exit (Forex)?,104
How many students are enrolled in Valuation of Goodwill for CA / CFA / CMA Exams?,1509
How many students are enrolled in Forex - Catch the Big Market Moves in Forex?,212
How many students are enrolled in Intermediate Accounting 1: Easy. Fast. Simple!?,90
How many students are enrolled in Global Macro Investing - Take Control Of The World's Markets?,153
How many students are enrolled in How to Read a Balance Sheet?,1055
How many students are enrolled in Credit Repair from a Financial Institution?,157
How many students are enrolled in Mental Models For Wall Street - Become A Better Trader?,1067
How many students are enrolled in 株式投資に向く性格に変えるための心理学を学ぶ?,58
How many students are enrolled in Matemática Financeira com HP12C e MS Excel?,74
How many students are enrolled in ¡Triunfar en La Bolsa de Valores No Requiere de Experiencia!?,338
How many students are enrolled in Cómo Crear Políticas Contables bajo NIIF para PYMES?,27
How many students are enrolled in Finanzas Personales para Vivir Libre de Deudas?,76
How many students are enrolled in Finanzas personales: Logrando la Libertad Financiera?,27
How many students are enrolled in 株式投資で本当のテクニカル分析ができるようになる?,68
How many students are enrolled in Aktiver Vermögensaufbau mit ETF?,112
How many students are enrolled in Socorro! Preciso Organizar as Minhas Finanças!?,72
How many students are enrolled in Curso Completo de Opciones Binarias: Estrategias 90% Acierto?,335
How many students are enrolled in Le basi del Trading?,22
How many students are enrolled in 【個人事業主向け】青色申告の記帳を自力で行うための複式簿記の基本?,41
How many students are enrolled in Profit and Loss Account for bankers and credit analysts?,1
How many students are enrolled in Business Accounts For Managers?,16
How many students are enrolled in Black Scholes Option Pricing Model?,3
How many students are enrolled in Chief Wealth Officer?,4
How many students are enrolled in Practical Accounts Training A?,2
How many students are enrolled in International Trade and New Geographic Economy?,12
How many students are enrolled in 2. Principles of Simple Interest - advanced problems?,10
How many students are enrolled in School of Raising Capital: Agile Financial Modeling?,12
How many students are enrolled in How to Read Financial Statements?,5
"How many students are enrolled in Intro. to Asset-Backed Securities, CFA Level I, 2017 Prep?",1
How many students are enrolled in Reach Your Personal Financial Goals the Easy Way (2017 UK)?,2
How many students are enrolled in Bitesize Bookkeeping for busy people?,9
How many students are enrolled in Do Your Own Accounts?,42
How many students are enrolled in CFA Level 1 - Derivatives?,110
How many students are enrolled in Accounting for everyone! ?,420
How many students are enrolled in Stock Fundamental Analysis with Excel?,206
How many students are enrolled in Trading: How Transformative Learning Drives Expertise?,69
How many students are enrolled in Manual Bookkeeping?,28
How many students are enrolled in Numeracy skills in business and everyday life:Think and Deal?,90
How many students are enrolled in Financial Modelling in Excel Step by Step?,13
How many students are enrolled in Straight From Business School: Create Financial Statements?,31
How many students are enrolled in How To Pay Less Tax (UK version)?,13
How many students are enrolled in Interpreting financial statements?,2119
How many students are enrolled in Forex trading with binary options?,136
How many students are enrolled in Cost Accounting - A Comprehensive Study?,503
How many students are enrolled in How to become a successful day trader?,1150
How many students are enrolled in Essentials of Finance and Investment in 2 hours?,1403
How many students are enrolled in Public Speaking: You Can Give Great Financial Presentations?,916
How many students are enrolled in Professional Trading - Consistent Profits with Low Risk!?,627
How many students are enrolled in Trading for winning?,168
How many students are enrolled in Succeed in Stocks Even if you Don't Know Where to Start?,2554
How many students are enrolled in Options Basics & Trading With Small Capital! - Level 1?,120
How many students are enrolled in Day Trading in Stocks: Strategies for Beginner Investors?,217
How many students are enrolled in Learn to Trade Forex Big U-Turn Trade?,106
"How many students are enrolled in Technical Analysis Primer for trading Stocks, Bonds & Forex?",397
How many students are enrolled in DIY: Reduce Unpaid Federal Tax thru IRS Offer in Compromise?,44
How many students are enrolled in Stock Trading with this Strategy?,30
How many students are enrolled in The Psychology of Trading?,95
How many students are enrolled in Professional Forex Strategy+2 weeks for FREE trading alerts?,55
How many students are enrolled in Stock Trading Essentials for Day Traders?,94
How many students are enrolled in Basics of Finance and Budgeting?,578
How many students are enrolled in Portfolio Management CFA L1 2016?,393
"How many students are enrolled in Trade Stocks, Forex & Financial Markets like a Professional?",116
How many students are enrolled in The Tax Advantaged Investor: A Guide to Legal Tax Reduction!?,1888
How many students are enrolled in The Smart Option Trader?,412
How many students are enrolled in Financial Statements: Learn Accounting. Unlock the Numbers.?,222
How many students are enrolled in CFA® Level 1 2014 – Alternative Investments?,831
How many students are enrolled in Interest Rate Swaps?,485
How many students are enrolled in Financial Modelling for entrepreneurs?,232
How many students are enrolled in Economics - CFA Level 1 - 2014?,135
How many students are enrolled in Bookkeeping Made Simple?,61
How many students are enrolled in What is Bitcoin?,61
How many students are enrolled in Accounting for CA CPT Exams Part I?,874
How many students are enrolled in Raising Capital for Your Business?,22
"How many students are enrolled in Silver, Gold, and Inflation?",5597
How many students are enrolled in Accounting Concepts For Technocrats?,261
How many students are enrolled in Beginner Financial Analysis: Invest Like Warren Buffett?,83
How many students are enrolled in Advance Technical Analysis?,152
How many students are enrolled in The Everyday Investor: Building Wealth with Venture Capital?,176
How many students are enrolled in QuickBooks Online : Inventory Management For Non-Finance?,8
How many students are enrolled in Law Matters?,327
How many students are enrolled in Learn to Trade for Profit: Finding Winning Stocks - Chinese?,264
How many students are enrolled in Financial Accounting Part 2 - Passing The Class?,15
How many students are enrolled in Simple Options Trading System?,104
How many students are enrolled in Investments and Financial Markets?,71
How many students are enrolled in Legal Accounting?,26
"How many students are enrolled in Term Loan Appraisal for bankers, credit analysts?",11
How many students are enrolled in Small Biz Doers' Guide to Small Biz Accounting + Bookkeeping?,1294
How many students are enrolled in Trade Show Samurai?,32
How many students are enrolled in Forex Harmonic Trading- With Multiple Forex Chart Examples?,313
How many students are enrolled in The Cost of Capital: The Key To Attract Venture Capitalists?,635
How many students are enrolled in Accounting for School Students?,1311
How many students are enrolled in Learn To Trade The Forex Naked Price Action Acapulco Trade?,288
How many students are enrolled in Master The Psychology of Forex & Binary Options Trading?,53
How many students are enrolled in Learn to Pick the Right Stock Broker Account?,1102
How many students are enrolled in Profit During Crashing Markets: A Step-by-Step Guide?,57
How many students are enrolled in Introduction to Futures & Options?,694
How many students are enrolled in Learn To Invest In 7 Steps?,137
How many students are enrolled in Sell like a Pro: Insider Secrets of Successful Selling!?,12
How many students are enrolled in 3 Little Pigs: A Multiple Timeframe Forex Trading Strategy?,18
How many students are enrolled in 6. Annuities Due and Deferred?,170
How many students are enrolled in CFA® Level 1 2014 – Quantitative Methods?,119
How many students are enrolled in IFRIC 13-Customer Loyalty Programmes (Revenue)?,2058
How many students are enrolled in Basic Technical Analysis?,40
How many students are enrolled in Forex:Trade Management & Psychology?,13
"How many students are enrolled in Working Capital assessment for bankers, credit analysts?",4
"How many students are enrolled in CFA Level I Workshop 6: Alternatives, PM and Economics ?",71
How many students are enrolled in CFA Level I Workshop 3: Financial Reporting & Analysis II?,71
How many students are enrolled in How to trade in the Forex market?,6
How many students are enrolled in Bookkeeping Practicals with Software?,1
How many students are enrolled in 8 Steps To Achieve Financial Freedom And Escape Debt?,5
How many students are enrolled in Trading Basics in 30 minutes?,1
How many students are enrolled in Technical Charting?,4
How many students are enrolled in Profits Turbo?,10
How many students are enrolled in Nest Egg Investing?,6
How many students are enrolled in Investing in Stocks & Shares?,2
How many students are enrolled in Learn Financial Modeling from Scratch - Part 2?,2
How many students are enrolled in Learn Financial Modeling from Scratch - Part 3?,2
How many students are enrolled in A Practical Guide to Wealth Creation?,6
"How many students are enrolled in 'Geometry Of Chance strategy of defeating the roulette.""?",2
How many students are enrolled in Trading Algorítmico en Forex: Crea tu primer Robot de Forex!?,206
How many students are enrolled in Introducción a la contabilidad?,193
How many students are enrolled in Contabilidad Gubernamental en México?,270
How many students are enrolled in 株式投資に必要なスキルの学習手順を学ぶ?,139
How many students are enrolled in Formação de preços em serviços?,77
"How many students are enrolled in Geld verdienen mit dem Ticken der Uhr, wie Warren Buffett!?",225
How many students are enrolled in Торговля дельта-нейтральными стренглами?,23
How many students are enrolled in Guía práctica para comprar acciones en la Bolsa de USA?,4876
How many students are enrolled in Contabilidad Financiera: Conoce el Lenguaje de los Negocios.?,244
How many students are enrolled in Curso de Day Trader para Iniciantes?,1278
How many students are enrolled in Curso de Iniciación al Trading?,31
How many students are enrolled in 3 documentos clave para administrar tu empresa con éxito?,40
How many students are enrolled in Forex/Opciones Binarias para Principiantes?,9
How many students are enrolled in 15 Mandamientos para ganar dinero en Bolsa?,45
How many students are enrolled in Le bitcoin et la blockchain?,13
How many students are enrolled in Contabilità Generale?,4
How many students are enrolled in Торговля опционами: Как заработать на волатильности?,20
How many students are enrolled in Estrategias de Inversión aplicadas al mundo del trading?,9
How many students are enrolled in バイナリーオプション取引?,29
How many students are enrolled in Caza los Enormes Movimientos del Mercado?,6
How many students are enrolled in Le basi del trading online?,7
How many students are enrolled in 自分に合った投資信託を見つけよう！?,859
How many students are enrolled in Monatlich Geld anlegen für später!?,5983
How many students are enrolled in Invierte en la Bolsa Mexicana y de USA?,1673
How many students are enrolled in Gestão Financeira Para Pequenas e Médias Empresas?,1284
How many students are enrolled in Curso Completo de Bitcoin - Ganhe 0.00005 Bitcoin?,394
How many students are enrolled in Tudo sobre Investimentos em Renda Fixa?,689
How many students are enrolled in Aprende a invertir sin capital?,649
How many students are enrolled in Apprendre à trader sur le marché du Forex - guide complet?,187
How many students are enrolled in Introducción a las Finanzas?,1798
How many students are enrolled in Finanzielle Unabhängigkeit-1: Erste Schritte zur Million?,465
How many students are enrolled in Forex para Principiantes-Ejemplos en VIVO de Trading Real?,813
How many students are enrolled in Finanzielle Unabhängigkeit-3 Millionär werden mit Immobilien?,326
How many students are enrolled in Introduction to Health Financing?,26
How many students are enrolled in Accounting Cycle: Learn the concepts in 60 minutes?,26
How many students are enrolled in Optimize! Make Best Decisions with Microsoft Excel?,28
How many students are enrolled in CFA® Level 1 2014 – FI?,149
How many students are enrolled in 9. Sinking Funds?,205
How many students are enrolled in Accounting - Basic Costing ?,108
How many students are enrolled in Financial Modeling - Facebook Case Study?,9
How many students are enrolled in Understanding Financial Derivatives?,16
How many students are enrolled in Forex Basics: Learn how to read and analyze Forex charts?,11
How many students are enrolled in Forex - Help I cant Trade?,12
How many students are enrolled in Start-up financial modeling for non-finance professionals?,11
How many students are enrolled in The Fast Route to a Faster Financial Close?,2
How many students are enrolled in Easy Finance For Startups?,9
"How many students are enrolled in Excel 4 Accounting & Bookkeeping - Master Date,Time & Text?",15
"How many students are enrolled in Depreciation, Amortization and Depletion?",7
How many students are enrolled in Breakeven Analysis and Pricing?,27
How many students are enrolled in Tally ERP Complete Training in Urdu / Hindi?,5
How many students are enrolled in Accounting Simplified?,3
How many students are enrolled in Series 7: Intermediate Options?,5
How many students are enrolled in Accounting and Business Basics?,5
How many students are enrolled in Corso introduttivo al trading profittevole?,132
How many students are enrolled in Aprende a Ganar Dinero en la Bolsa?,112
How many students are enrolled in Inversión: Fundamentos del Trading para Principiantes?,285
How many students are enrolled in Gana en la Bolsa con Análisis Técnico?,91
How many students are enrolled in Precificação - Calculando valor de venda baseado nos custos?,32
How many students are enrolled in Cómo ganar dinero invirtiendo en bolsa?,2740
How many students are enrolled in Investiere in Tax Liens-Hohe Zinsen gesetzl. festgeschrieben?,59
How many students are enrolled in Investimento em Ações?,16
How many students are enrolled in Excelを使ってビジネスシミュレーション：基礎編?,22
How many students are enrolled in Estrategias de trading en bolsa?,15
How many students are enrolled in Grundlagen der finanziellen Unabhängigkeit?,1059
"How many students are enrolled in Wie Du, Dir auch mit kleinen Beträgen ein Vermögen aufbaust?",187
How many students are enrolled in Corporate Ethics?,0
How many students are enrolled in Core Financial Statement Concepts?,0
How many students are enrolled in Understand Core Finance Principles in 60 Minutes?,0
How many students are enrolled in Learn Wave accounting to maintain books properly?,1089
How many students are enrolled in Making Tax Digital - UK HMRC Legislation Explained?,743
How many students are enrolled in Surviving Introduction to Finance?,1362
How many students are enrolled in Cost of Capital and Weighted Average Cost of Capital?,405
How many students are enrolled in Studying the CFA Program exams (Mandarin language version)?,1168
How many students are enrolled in ≪虎の巻≫証券取引の「税金のお悩み」解消?,3840
How many students are enrolled in 【１日でマスター！】今日からはじめる資産形成?,7183
How many students are enrolled in TRADING FOR A LIVING: Trading Full-Time Transition Guide?,483
How many students are enrolled in Learn How To use Channels to find amazing Forex Entries?,172
"How many students are enrolled in Financial Analysis, from Scratch to Professional!?",256
How many students are enrolled in Learn How To Successfully Trade Forex: In 5 Simple Steps?,64
How many students are enrolled in The Intelligent Investor?,384
How many students are enrolled in Succeed in Futures Even if You Don't Know Where to Start?,3014
How many students are enrolled in Trading: From Wall Street to Your Street?,312
How many students are enrolled in Build your own Naked Trading Forex Robot?,315
How many students are enrolled in Tax Preparation: Learn Fast! Prepare Taxes with Confidence!?,609
How many students are enrolled in Tax Strategies of the Wealthy?,207
How many students are enrolled in The Ultimate Fibonacci Trading Plan for Forex and Stocks?,399
How many students are enrolled in Finance and Accounting for Startups?,1175
How many students are enrolled in Forex - Calculate Lot Size Like Pro?,543
How many students are enrolled in The Complete Forex Trader?,1634
How many students are enrolled in Tape Reading: Learn how to read the tape for day trading?,1013
How many students are enrolled in 4 Easy Daily Forex Trades: A Recipe for Trading Success?,319
How many students are enrolled in Trading Robot Forex Programs in Your Sleep in Live Examples!?,1125
How many students are enrolled in Free Options 101 - Basic of Call and Put Options in 1 Hours?,2481
How many students are enrolled in An Intro into Trading the Financial Markets?,1006
How many students are enrolled in Developing A Trading Strategy: Your Guide to Trading Success?,1044
How many students are enrolled in How to Trade Commodity and Financial Futures for a Living!?,1240
How many students are enrolled in How to Trade Forex like a Hedge Fund: Long FX Strategies?,504
How many students are enrolled in How to Build Profitable FOREX Automated Trading Strategies!?,358
How many students are enrolled in Stock Trading Strategies: Profitable Trading in 7 Days.?,80
How many students are enrolled in Management Accounting A Complete Study?,133
How many students are enrolled in Become a Career Day Trader: Asian-Pacific Futures Markets?,207
How many students are enrolled in Equity Products?,426
How many students are enrolled in Financial Accounting Part I - Passing the Class?,45
How many students are enrolled in Accounting 102: Guide to Business Accounting?,1280
How many students are enrolled in Monetizing Your Website: How to Add Cost-Per-Action (CPA) ?,142
How many students are enrolled in Advanced Finance and Accounting for Startups?,188
How many students are enrolled in Basics of Tax in India (College Level)?,718
How many students are enrolled in Trade for a Living?,293
How many students are enrolled in Learn Stock Options: Options Made Simple 101?,93
How many students are enrolled in Banking Credit Analysis Process (for Bankers)?,894
How many students are enrolled in Professional Forex strategy?,353
How many students are enrolled in Get out of Debt - The Power of Using Compounding Interest?,1195
How many students are enrolled in Day Trading - Learn to Day Trade / Swing Trade In One Hour.?,335
How many students are enrolled in Basel Norms (Basel 1/ Basel 2/ Basel 3) Simplified?,500
How many students are enrolled in Learn to Trade Forex Naked Price Action Wammie Trade?,159
How many students are enrolled in Fixed Income Securities?,739
How many students are enrolled in Financial Accounting Made Easy for All?,87
How many students are enrolled in Ultimate Guide To Trading Engulfing Candlestick Strategy?,185
How many students are enrolled in Learn Business Finance: Win more work as a Business Coach ?,741
How many students are enrolled in Accounting for Depreciation (Collage Level)?,576
How many students are enrolled in Revealed: Profitable Principles of Successful Traders ?,1046
How many students are enrolled in Easy Market Profits: 3 Step Stock Investing Strategy?,486
How many students are enrolled in Hedge Fund Trading Systems For Stocks - Part One?,52
How many students are enrolled in Professional Risk Manager (PRM) Certification: Level 4?,38
How many students are enrolled in Crowdfunding for Filmmakers?,32
How many students are enrolled in How to Make IT Work Successfully in Capital Markets?,171
How many students are enrolled in Introduction to Day Trading?,79
How many students are enrolled in Life Coach Business Basics: Finance and Operations?,397
How many students are enrolled in Learn How to Profit In Forex With Market Rhythms?,85
How many students are enrolled in Optimizing investment to maximise your return?,1696
How many students are enrolled in Investimento em Ações para Leigos?,201
How many students are enrolled in Introducción a la Contabilidad?,1235
How many students are enrolled in Forex Trading: Strategia Correlazione EUR/GBP vs GBP/USD?,137
How many students are enrolled in Finanzielle Unabhängigkeit-2 Millionär werden mit Investment?,384
How many students are enrolled in カードゲームでカンタンに理解する！経済とお金のキホン?,103
How many students are enrolled in Contabilidad rápida y eficaz?,379
How many students are enrolled in Introducción al trading de opciones?,1573
How many students are enrolled in Aprenda a Investir seu Dinheiro?,150
How many students are enrolled in Trader sur le Forex avec Ichimoku?,48
How many students are enrolled in العلوم والمبادئ الأساسية للمهنة الإكتوارية?,781
How many students are enrolled in トレーディングビュー徹底攻略2017年版?,952
How many students are enrolled in Kostenrechnung lernen leicht gemacht?,612
How many students are enrolled in MetaTrader4 Platform Training?,1819
How many students are enrolled in Professional Bookkeeping & Accounting 1: Sales & Purchases?,551
How many students are enrolled in Step by step guide to understand how business perform?,788
How many students are enrolled in How to Grow your Small Business and not run out of Cash?,408
How many students are enrolled in Finance for Non Finance Executives?,944
"How many students are enrolled in An Introduction: MT4 Email, Sound, Notification Forex Alerts?",323
How many students are enrolled in Innovators and innovation: Travel through time!?,101
How many students are enrolled in Learn How to Trade The Stock Market?,984
How many students are enrolled in How To Earn Some Bitcoin Every Time You Use A Search Engine?,89
How many students are enrolled in Super Fast Accounting - the fastest way to do your books?,129
How many students are enrolled in Financial Modeling and Valuation: Complete Beginner to Pro?,249
How many students are enrolled in Learn to trade Chart Patterns?,75
How many students are enrolled in Illustrator CC MasterClass?,462
How many students are enrolled in Adobe Illustrator T-Shirt Design for Merch by Amazon?,390
How many students are enrolled in Learn Adobe Illustrator: Semi-Automatic Mandalas Drawing?,1076
How many students are enrolled in Create Professional Looking Infographics With No Experience?,9367
How many students are enrolled in Discover How to Draw and paint Comics?,8901
How many students are enrolled in Typographic Logos: Typography and Lettering for Logo Design?,4235
How many students are enrolled in Photoshop in Ease: Create World Amazing Graphic Designs?,14440
How many students are enrolled in Canva Graphics Design Essential Training For Everyone?,12340
How many students are enrolled in Triangulated Bird: Origami Styled Bird in Adobe Illustrator?,2027
How many students are enrolled in Illustrator Quick Tip：10分でKawaiiカメレオンを描こう?,381
How many students are enrolled in Deinen Roman setzen mit PagePlus in 10 einfachen Schritten?,69
How many students are enrolled in 画像加工の初心者でも「１日」で初歩を覚えられる無料講座?,21
How many students are enrolled in Graphic Design Bootcamp?,15276
How many students are enrolled in Ultimate Photoshop Training: From Beginner to Pro?,5326
How many students are enrolled in Photoshop for Entrepreneurs - Design 11 Practical Projects?,36288
How many students are enrolled in Anatomy for Figure Drawing: Mastering the Human Figure?,15500
How many students are enrolled in Sketch 3 from A to Z: Become an App Designer?,7282
How many students are enrolled in Logo Design Masterclass: Learn Logo Design + Illustrator?,8196
How many students are enrolled in Graphic Design Masterclass: Learn Graphic Design in Projects?,6858
How many students are enrolled in Canva Graphics Design for Entrepreneurs - Design 11 Projects?,18303
How many students are enrolled in Vector Logo Design in Affinity Designer?,1789
How many students are enrolled in How To Create A Low Poly Portrait With The Pen Tool?,293
How many students are enrolled in Photo Editing in Photoshop - Beginner to Advanced in 1 Hour?,662
How many students are enrolled in How to Create Kindle & Ebook Covers with Canva?,1279
How many students are enrolled in How To Make Professional eBook Covers For FREE?,1080
How many students are enrolled in Design Business Card in Photoshop: Earn Money by Doing It?,120
How many students are enrolled in Learn to create beautiful web interfaces and logos?,1085
How many students are enrolled in Illustrated Logo Design?,447
How many students are enrolled in Color Basics for Print Designers?,372
How many students are enrolled in Digital Photo Manipulation Art And Cover Design In PhotoShop?,721
How many students are enrolled in Adobe InDesign CC Advanced?,114
How many students are enrolled in Intro to Photoshop for Merch by Amazon?,331
How many students are enrolled in MicroStation - Células?,0
How many students are enrolled in Photoshop - Creación de Efectos 2?,0
How many students are enrolled in Como Criar Logos de Sucesso - Start Designer?,0
How many students are enrolled in Super Textos con Photoshop?,0
How many students are enrolled in Photoshop - Aprende a Transformar Imágenes?,0
How many students are enrolled in Iníciate en Microstation?,0
How many students are enrolled in Adobe Photoshop pentru Social Media?,0
How many students are enrolled in Photoshop - Creación de Efectos?,0
How many students are enrolled in Cómo crear maquetas con Adobe XD?,217
How many students are enrolled in Aprenda Modelagem 3D com o 123D Design?,334
How many students are enrolled in Ferramentas Visuais?,817
How many students are enrolled in Adobe Indesign CC Başlangıç?,637
How many students are enrolled in How to Doodle: Basics and Lettering?,2358
How many students are enrolled in Mastering Photoshop CC 2017 - The Art of Design & Technology?,3721
How many students are enrolled in Design a logo for FREE in Inkscape?,1148
How many students are enrolled in Foundation Skills on Adobe Illustrator: Learn Fast!?,2489
How many students are enrolled in How To Create Amazing Cinemagraphs with Microsoft PowerPoint?,1782
How many students are enrolled in Canva : Graphic Design Theory Volume1?,6975
How many students are enrolled in Master App Icon Design for iPhone (IOS) & Android Devices?,9464
How many students are enrolled in Photoshop: How to create stunning collages?,2044
How many students are enrolled in Mastering advance Photoshop?,5787
How many students are enrolled in Logo Designing for Your Business in an Hour?,25277
How many students are enrolled in Teoria Basica del Arte. Como Pintar Ilustraciones Digitales?,5104
How many students are enrolled in Illustrator CC para novatos: ¡desde cero hasta experto! ?,2476
How many students are enrolled in Photoshop para novatos: ¡desde cero hasta experto!?,3000
How many students are enrolled in Diventa un professionista del Graphic Design?,185
How many students are enrolled in Formação em Design Gráfico com Corel Draw Versões X8 / 2017.?,418
How many students are enrolled in ABC do Photoshop CC?,431
How many students are enrolled in Photoshop para iniciante - o básico?,23
How many students are enrolled in Curso Online de Adobe Illustrator CC e CS6?,126
How many students are enrolled in Photoshop & Illustrator CC Essentials in Arabic?,3329
How many students are enrolled in Photoshop from Zero to Hero ( Arabic )?,720
How many students are enrolled in Photoshop Essentials - Uma Introdução Detalhada?,800
How many students are enrolled in Photoshop CC 2015 Top New Features?,1477
How many students are enrolled in Expert Guide : Mastering Types feature in illustrator !?,1552
How many students are enrolled in Cartoon Game Logo Design using Photoshop?,1076
How many students are enrolled in Most Wanted Flat Design Techniques #2: Hipster Businessman?,1016
How many students are enrolled in Typography 101: Picking the Right Fonts for Business Success?,1224
How many students are enrolled in Kindle eBook Cover Design and Book Illustration Guide?,715
How many students are enrolled in Removing Backgrounds From Images using Adobe Photoshop?,1768
How many students are enrolled in Graphic Design Secrets Revealed?,2555
How many students are enrolled in Drawing in Perspective?,426
"How many students are enrolled in Digital Art in Adobe Illustrator CC: Angry Bird, Tom & Jerry?",3108
How many students are enrolled in Surface Pattern Design : Create Scandinavian Patterns?,390
How many students are enrolled in Draw a realistic Fantail using pencil?,6754
How many students are enrolled in Make Flat Design Space Ships in 30 Minutes in Illustrator!?,1146
How many students are enrolled in Figure Drawing From Life Using The Reilly Technique.?,47811
How many students are enrolled in Drawing Cartoony Characters?,1564
How many students are enrolled in Make yourself a Santa Claus: Photoshop Manipulation?,2665
How many students are enrolled in Become an InDesign Pro in 10 Skills?,1079
How many students are enrolled in Digital Illustration: Make A Custom Character Illustration?,1440
How many students are enrolled in Learn Basics Of Adobe Illustrator?,1401
How many students are enrolled in Discover the 7 Secrets to Figure Drawing: Draw Awesome ...?,2634
How many students are enrolled in LOGO DESIGN IN POWERPOINT?,1046
How many students are enrolled in Photoshop CC MasterClass?,505
How many students are enrolled in Become A Logo Designer ?,827
How many students are enrolled in Learn Illustrator By Recreating Top 3 Logos - Beginner Guide?,8786
How many students are enrolled in Illustrative Surface Patterns Design : From Life To Products?,253
How many students are enrolled in Effective iOS & Android App Icon Design?,1933
How many students are enrolled in Creating an animated greeting card via Google Slides?,1504
How many students are enrolled in Photoshop: Learn Digital Painting Basics in Photoshop?,1332
How many students are enrolled in Learning Photoshop CC 2014 in Egyptian Arabic ?,1150
How many students are enrolled in Make tech circles in Photoshop in 30 minutes!?,1056
How many students are enrolled in Graphic design - The Quick Guide?,1350
How many students are enrolled in Learn Corel x7 Like a Pro?,1586
How many students are enrolled in Make tech circles in Adobe Illustrator in 30 minutes?,821
How many students are enrolled in Easy Illustration and 2D Animation?,56
How many students are enrolled in Make Tech circles in Adobe Photoshop and Illustrator?,1150
How many students are enrolled in Turn Your Photos Into Professional And Modern Artworks?,1557
How many students are enrolled in Canva: Design Album Cover Artwork in Minutes - No More Fees!?,3103
How many students are enrolled in Getting Started With Photoshop CC?,1090
How many students are enrolled in Learn Adobe Photoshop in 1 Hour?,1235
How many students are enrolled in Learn Comic Book Color Flatting! (Coloring Assistant role)?,946
How many students are enrolled in Illustrator - Creating stylised images from a photo?,1500
How many students are enrolled in Conviértete en un experto de photoshop cc naked series?,24
How many students are enrolled in CORSO COMPLETO DI E-ON VUE X-STREAM PER TUTTI?,3
How many students are enrolled in 商業好設計-Illustrator個性商品設計?,20
How many students are enrolled in Ilustración de la A a la Z?,33
How many students are enrolled in Diseño Gráfico fácil y rápido.?,97
How many students are enrolled in 超基礎！超入門！〜作りながら学ぶ。完全無料3DCGソフトBlender〜?,8
How many students are enrolled in 调色高级讲解?,4
How many students are enrolled in Curso de Corel Draw: Como Hacer Todo para tu Fiesta Temática?,10
How many students are enrolled in Infodesign?,2
How many students are enrolled in تصميم القوالب الدائرية بالفيغاس | Circular Templates Vegas?,5
How many students are enrolled in Affinity Designer - tworzenie wzorków?,1
How many students are enrolled in Photoshop: Creando efectos de luz?,3
How many students are enrolled in Learning Photoshop CC 2015?,311
How many students are enrolled in Create Awesome Ebook Covers Using Microsoft Word?,447
How many students are enrolled in Photoshop Essentials: Designing FaceBook Graphics?,616
How many students are enrolled in Advance Learning Tools Corel Draw Graphics Design?,797
How many students are enrolled in Logo Design for Entrepreneurs ?,274
How many students are enrolled in Sketch 3: Design a mobile application from scratch?,709
How many students are enrolled in Draw a Kitten?,3812
How many students are enrolled in Adobe Photoshop Essentials: Master Adobe Photoshop CS6?,1373
How many students are enrolled in Learn GIMP?,441
How many students are enrolled in Texturing For Designers - Bring Life to Design With Textures?,201
How many students are enrolled in Learn Advanced Photoshop Selections?,661
How many students are enrolled in InDesign: Diseño de proyectos paso a paso?,300
How many students are enrolled in Domina el Diseño Gráfico para Web con Photoshop CC?,211
How many students are enrolled in Graphicriver Autor – Verkaufe deine Designs online?,65
How many students are enrolled in Adobe Illustrator CC?,43
How many students are enrolled in 캔바(Canva)로 SNS 콘텐츠 만들기?,44
"How many students are enrolled in Illustrator para criação de peças gráficas, Design Gráfico?",33
How many students are enrolled in Photoshop Workflow - Manipulação de imagem para Publicidade?,20
How many students are enrolled in Como Produzir Ebook e Livros com Adobe Indesign CC e CS6?,37
How many students are enrolled in Curso básico de Gimp; software gratis de diseño gráfico?,190
How many students are enrolled in Curso Completo de SolidWorks 2016.?,129
How many students are enrolled in なぞるだけですぐできる! 簡単手描きイラスト講座?,123
How many students are enrolled in Découvrez InDesign en 1 heure?,38
How many students are enrolled in Convert Image to Vector in Adobe illustrator?,3251
How many students are enrolled in Design & Create Vector Graphics With Inkscape 2016?,2091
How many students are enrolled in Learn Photoshop Quickly (For Bloggers & Web Images)?,806
How many students are enrolled in Logo Design: Mastering the Wordmark?,500
How many students are enrolled in Learn Photoshop for Design: 100% Practical Projects?,651
How many students are enrolled in Logo Design Theory & Application Bootcamp?,341
How many students are enrolled in LaTeX for Professional Publications?,867
How many students are enrolled in The Design Theory Blitz?,142
How many students are enrolled in Book Design With MS Word And Canva ?,1825
How many students are enrolled in Creating Icons with Adobe Illustrator?,2266
How many students are enrolled in Create Stunning Infographics to Share your Ideas?,5175
How many students are enrolled in How to stylize your photos in Photoshop with color overlays?,3512
How many students are enrolled in Business Card and Letterhead Design in Adobe Illustrator?,797
How many students are enrolled in A Complete Guide to Successful Freelance Logo Design Career?,2745
How many students are enrolled in The Logo Design Process From Start To Finish?,2361
How many students are enrolled in Creative logo design with Inkscape for free?,1530
How many students are enrolled in Typography Fundamentals - Feel confident with type!?,1873
How many students are enrolled in How To Sell Your Art Online With ETSY?,1338
How many students are enrolled in Ultimate Guide on Freelancing Career in Photoshop Design?,1479
How many students are enrolled in Photoshop - Como criar Fusão de forma profissional?,38
"How many students are enrolled in Photoshop, Illustrator, InDesign & Graphic Design Principles?",934
How many students are enrolled in Photoshop - Tratamento de pele profissional?,50
How many students are enrolled in Indesign - Para quem quer trabalhar com Design Gráfico?,27
How many students are enrolled in Primeros Pasos con Photoshop CC?,6429
How many students are enrolled in Cómo Diseñar Logos?,422
How many students are enrolled in Photoshop para principiantes: ¡De cero a experto!?,410
How many students are enrolled in Photoshop Avançado - Pós Produção e fusão com 3D?,15
How many students are enrolled in ABC do Adobe Illustrator?,115
How many students are enrolled in خطوتك الأولى لتعلم الفوتوشوبPhotoshop?,272
How many students are enrolled in Photoshopマスターコース 基礎から上級まで ステップバイステップでPhotoshopのすべてを学ぼう?,354
How many students are enrolled in Professional Logo Design in Adobe Illustrator?,44044
How many students are enrolled in Learn UI/UX and Mobile App Design in Photoshop from Scratch?,1367
How many students are enrolled in Mastering Photoshop: From Beginner to Industry Professional?,1754
How many students are enrolled in Expert Retina / HiDPI Graphics in Photoshop & Illustrator?,2067
How many students are enrolled in Start Making Comics with Manga Studio 5 / Clip Studio Paint?,5301
How many students are enrolled in Most Wanted Flat Design Techniques #1: Desert Island?,4294
How many students are enrolled in Photoshop Quickstart Guide to Digital Sketching?,1679
How many students are enrolled in Gestalt Principles & Pattern Design : Create Festive Pattern?,327
How many students are enrolled in Advanced Features in Adobe Illustrator?,1348
"How many students are enrolled in YOU can Draw, Shade and Paint a Mixed Media Girl...today!?",1249
How many students are enrolled in Learn Photoshop CC Essentials?,3117
How many students are enrolled in Mobile App Design: From Beginner to Intermediate?,896
How many students are enrolled in Text based Logo Design for Business Using Adobe Photoshop?,4208
How many students are enrolled in Graphic Design for Entrepreneurs...Who Can't Draw?,3903
How many students are enrolled in BUSINESS CARD DESIGN IN POWERPOINT?,1710
How many students are enrolled in Adobe - How to create a professional Video Title/ Web Banner?,1606
How many students are enrolled in How to Design an Awesome Letterhead in Adobe Illustrator?,4776
How many students are enrolled in Graphic Design - An Overview of the Field?,23229
How many students are enrolled in ✔️ Illustrator CC : Be a Graphic Designer in Illustrator CC?,1456
How many students are enrolled in FLAT ICON DESIGN IN POWERPOINT?,1534
How many students are enrolled in Logo Design By Example : Design 5 Famous Logos?,2199
How many students are enrolled in Bring your sketch to life - learn digital illustration?,1202
How many students are enrolled in Learn Cinema 4D: Create an Abstract Background?,2004
How many students are enrolled in The Art of Icon Design: Create Custom Flat Icon Designs?,778
How many students are enrolled in Design Tickets and Vouchers in Photoshop and Illustrator?,502
How many students are enrolled in Blender Modelling Series - Volume Two?,1526
How many students are enrolled in Master Adobe Photoshop Lightroom CC - From Beginner to Advan?,1468
How many students are enrolled in Design bestselling T-shirts from Beginner to Expert.?,798
How many students are enrolled in Digital Painting for Cartoon Characters?,2044
How many students are enrolled in Create Animated Gif Advertising Banners in Photoshop CC?,1310
How many students are enrolled in The Play-Doh Technique: Fun Hand-made Vectors In Illustrator?,1145
How many students are enrolled in Photo Manipulation: Master Photo Editing?,326
How many students are enrolled in How to create flat design icons in 15 minutes in Illustrator?,2228
How many students are enrolled in Adobe - Create a professional logo step-by-step (Beauty)?,2420
How many students are enrolled in Essential Skills for Designers - Mastering the Pen Tool?,387
How many students are enrolled in Morphing with After Effect : Everything you need to know?,421
How many students are enrolled in Learn After Effects and master 3d layers in after effects?,987
How many students are enrolled in Learn Adobe Illustrator CC - All Essentials In 1 Hour!?,324
How many students are enrolled in History of Art and Design from XV to XXI century?,319
How many students are enrolled in Complete Portrait and Figure Drawing (step-by-step)?,124
How many students are enrolled in Adobe Illustrator: Learn Easy Logo Design.?,371
How many students are enrolled in Create Beautiful Compelling Social Media Banners With Canva?,1098
How many students are enrolled in Become a Professional Logo Designer?,107
How many students are enrolled in Learn Photoshop Actions - Save time with repetitive tasks?,507
How many students are enrolled in Essential Skills for Designers - Masking?,646
"How many students are enrolled in Become a Graphic Designer, and earn a living from it?",2354
How many students are enrolled in Learn 2D Cell Shading in Photoshop?,238
How many students are enrolled in Adobe Illustrator For Everyone: Create Detailed Vector Image?,165
How many students are enrolled in Learn Digital Drawing in Photoshop?,1080
How many students are enrolled in Quickly Batch Export & Package Logo Files for Clients?,489
How many students are enrolled in Logo Design for Everybody?,706
How many students are enrolled in Pixelmator - Create Vector Graphics From Scratch?,507
How many students are enrolled in Most Wanted Flat Design Techniques #3: Office Space?,1028
How many students are enrolled in Flat Design - Create Beautiful Flat Graphics In Photoshop?,545
How many students are enrolled in T-Shirt Design Workshop 01: Foundation?,690
How many students are enrolled in Expert Guide : Mastering Shapes Creation with Illustrator?,2911
How many students are enrolled in Complete Digital Painting Training with Corel Painter?,4353
How many students are enrolled in How to Design Simple Promotional Materials in Photoshop?,521
How many students are enrolled in Design and Animate a Gamer UI?,3481
How many students are enrolled in FACEBOOK COVERS IN POWERPOINT?,1123
"How many students are enrolled in Quote Images for Pinterest, Facebook, & Instagram?",12103
How many students are enrolled in Adobe Illustrator: Create a Quick & Easy Unique Illustration?,1418
How many students are enrolled in Learn to Design a Logo in Adobe Illustrator?,3390
How many students are enrolled in Photoshop In-Depth: Master all of Photoshop's Tools Easily?,53851
How many students are enrolled in Diseño de logo para principiantes?,3
How many students are enrolled in After Effects - Alles rund um das Tracking?,1
How many students are enrolled in Introducción al retrato realista con Photoshop?,3
How many students are enrolled in Uso Básico de Adobe Photoshop?,1
How many students are enrolled in Técnicas Photoshop: Reformar Campo de golf?,2
How many students are enrolled in 誰でもわかる Adobe Illustrator CS5?,1
How many students are enrolled in 誰でもわかる Adobe Photoshop CS5?,1
How many students are enrolled in MicroStation - Niveles?,2
How many students are enrolled in Crea personajes fantásticos con Photoshop?,1
How many students are enrolled in Letras en Adobe Illustrator?,0
How many students are enrolled in Photoshop: Creando elemental de aire?,0
How many students are enrolled in Nuke X: Aprende composición digital?,3
How many students are enrolled in สร้างงานกราฟฟิคแอพพลิเคชั่นมือถือด้วย Adobe Illustrator?,25
How many students are enrolled in Photoshop: Creando elemental de agua?,1
How many students are enrolled in ７日でマスター ビギナー向け Adobe Illustrator どきどきセミナー?,108
How many students are enrolled in Si eres nuevo en Photoshop...Este es tu curso Nº1?,13
How many students are enrolled in Intro to Illustrator?,11
How many students are enrolled in 画像加工の初心者だとしても、１週間でホームページのトップ画像を製作できるようになる画像製作講座?,37
How many students are enrolled in Photoshop - Automatização com Adobe Script?,7
How many students are enrolled in دورة شامل لبرنامج إلستريتور للمبتدئين - Adobe illustrator CC?,1
How many students are enrolled in Corel Draw X8 Başlangıç Eğitimi (YENİ)?,1
How many students are enrolled in Formation Photoshop?,6
How many students are enrolled in 8 Stunden professionelles Cinema 4D Training?,18
How many students are enrolled in Clipping Masks & Shaped images in Adobe Photoshop CC?,1905
How many students are enrolled in Expert Guide : Mastering Photoshop Smart Objects in depth !?,3360
How many students are enrolled in Portrait Typography in Photoshop - Anyone can do Typography?,941
How many students are enrolled in Mastering Retouching and Restoration (15 projects Included)?,4927
How many students are enrolled in Make flat design trees in Adobe Illustrator in 30 minutes!?,2087
How many students are enrolled in Photoshop Fantastic! - The Comprehensive Guide to Photoshop?,2938
How many students are enrolled in Drawing in PowerPoint: Block diagram + Experiments + Cartoon?,2911
How many students are enrolled in Graphic Design: Double Your Sales With Canva?,1797
How many students are enrolled in Easy Typography Tips to Beautify and Strengthen Your Work?,3192
How many students are enrolled in Adobe Illustrator Advanced Vector Artwork?,1538
How many students are enrolled in Web Elements Design With Photoshop?,5072
How many students are enrolled in Logo Design Made Easy: Create your own logo in PowerPoint?,1086
How many students are enrolled in Typografie - Die besten Schriftarten im Geschäftsalltag?,213
How many students are enrolled in Lettering?,135
How many students are enrolled in Corel Draw x7?,164
How many students are enrolled in Adobe Photoshop CC - Fundamentos?,290
How many students are enrolled in Curso de Diseño e Ilustracion de Armas para Videojuegos?,183
How many students are enrolled in Photoshop - Composição vintage?,35
How many students are enrolled in Photoshop: Automatiza invitaciones con bloc de notas y Excel?,86
How many students are enrolled in Illustrator CC 2016 Power Workshops (Deutsch)?,96
How many students are enrolled in Curso Blender 3D do Básico ao Avançado ?,353
How many students are enrolled in Diseño impreso - Preimpresión para offset en Illustrator?,33
How many students are enrolled in Fundamentos de la Tipografía - Para un diseño eficaz?,172
How many students are enrolled in الدورة الشاملة illustrator from zero to hero?,155
How many students are enrolled in Designing an eBook Cover that Sells?,27
How many students are enrolled in Master Terrazzo: Creating Vector Tiles with Adobe Illustrati?,2
How many students are enrolled in Paint atmospheric sunset with soft pastel!?,7
How many students are enrolled in Earn and Learn to create Logo designs in Illustrator quickly?,18
How many students are enrolled in Create your own Photoshop brush preset!?,4
How many students are enrolled in Quick and Quirky Caricatures - Learn in an Hour!?,139
How many students are enrolled in Finalize Production Files | Photoshop Illustrator InDesign?,18
How many students are enrolled in How to illustrate in Flash ?,5
How many students are enrolled in OpenCV Computer Vision Application Programming ?,167
How many students are enrolled in Turn your animated greeting card carousel into a music video?,311
How many students are enrolled in Manipulate Photos with GIMP?,34
How many students are enrolled in Learn to Draw Pretty Faces for Comic Books?,1522
How many students are enrolled in The Business Graphic Design with Photoshop & Illustrator?,6039
How many students are enrolled in Bestseller!! Learn Illustrator CC in 1 Hour?,4449
How many students are enrolled in Learn Professional Book-Cover Designing Photoshop 4 Beginner?,6428
How many students are enrolled in How To Make Graphics For A Website?,24857
How many students are enrolled in Adobe Illustrator: How to Draw Squared Animals Icons?,2873
How many students are enrolled in Book Covers and Graphic Design with PowerPoint 2013/2016/365?,5840
How many students are enrolled in Getting Started With Digital Painting Using Krita?,1011
How many students are enrolled in Logo Design - Guide to Logo Design in Photoshop?,6215
How many students are enrolled in Logo Design Essentials ?,33205
How many students are enrolled in Fundamentals of Character Design: From Concept to Vector?,1452
"How many students are enrolled in Whiteboard Animation, Beginner To Expert - In 1 Hour!?",1343
How many students are enrolled in Drawing Fun Caricatures! :) -The Best Method!?,41
How many students are enrolled in Advanced Graphic Design-Photoshop CC 2014 for Photographers?,314
How many students are enrolled in Design Beautiful & Professional Ebooks Using FREE Software?,239
How many students are enrolled in Desktop Publishing 101: Simplified Editing?,507
How many students are enrolled in Create Professional Character Designs in Photoshop?,228
How many students are enrolled in How to Make a Custom Graphic From Sketches ?,21
How many students are enrolled in Getting Started with Illustrator CC?,92
"How many students are enrolled in Photoshop From Scratch to Logos, Digital Drawing & Projects?",91
How many students are enrolled in How to Make Your Own Children's Interactive eBook!?,33
How many students are enrolled in Create an Accelerated Learning Flowchart with Watercolors?,668
How many students are enrolled in How to Create Vector Characters in Illustrator or Photoshop?,92
How many students are enrolled in Photoshop Learn Concept Art Manipulation?,8
How many students are enrolled in Make Logo design pay with illustrator in less than a day?,22
How many students are enrolled in Create a Majestic Bear on Adobe Illustrator?,3
How many students are enrolled in Adobe Illustrator CC Beginner?,2
How many students are enrolled in Create Beveled Lettering in Adobe Illustrator?,2
How many students are enrolled in Learn Adobe Illustrator and Premiere Pro in 1 hour?,1
How many students are enrolled in Adobe photoshop The Flying Land compositing?,2
How many students are enrolled in Learn Mobile App Design in Photoshop?,11
How many students are enrolled in Photoshop: Real World Learning?,9
How many students are enrolled in Adobe Illustrator Fast Track?,9
How many students are enrolled in Mastering Text Animation in After Effect?,1
How many students are enrolled in How to Design A 2D Character in Illustrator?,1
How many students are enrolled in Design Efficiency Intensive?,6
How many students are enrolled in Adobe Photoshop CC for Photographers Advanced?,1
How many students are enrolled in Adobe InDesign Tips and Tricks?,4
How many students are enrolled in Photoshop CC Training - Creating Fantastic Album Cover Art?,1
How many students are enrolled in Beginner's Guide to Book Cover Designing.?,2
How many students are enrolled in Low Poly Portrait Illustration?,4
How many students are enrolled in Events Promotion Design?,4
How many students are enrolled in Adobe Photoshop CC Introduction?,1
How many students are enrolled in Ecover Mastery in 30 Minutes with NO photoshop skills needed?,1
How many students are enrolled in Adobe Illustrator in Under 10: Fast info at your Fingertips!?,1
How many students are enrolled in An Easy Introduction to Adobe Photoshop?,1
How many students are enrolled in Create Beautiful Image Maps for Your Website?,0
How many students are enrolled in T-Shirt Design Workshop 02: Mixed Media Design?,885
How many students are enrolled in Design a unique bookstore-quality Photo Book with Blurb?,2863
How many students are enrolled in Learn to Create Deliverable Brand Identity Package?,915
How many students are enrolled in How to Draw Pinups and Sexy Women?,3525
How many students are enrolled in Design & Create Text Logos in Adobe Photoshop CS5?,2035
How many students are enrolled in Freelancing A-Z: How To Start A Successful Freelance Career?,2267
How many students are enrolled in Icon & Logo Symbol Design in Adobe Illustrator?,1043
How many students are enrolled in How to Draw Majestic Animals: Cats?,1356
How many students are enrolled in Mobile App Design in Photoshop from Scratch - UI & UX DESIGN?,1282
How many students are enrolled in Affinity Designer - making seamless patterns?,35
How many students are enrolled in Typography: Learn the Foundation and Designs?,220
How many students are enrolled in Sketch 3 - New Guide To iOS 8 Mobile App Design (2015)?,481
How many students are enrolled in How To Become An Etsy Wholesale Seller?,1013
How many students are enrolled in How to make Business Cards like a Pro?,593
How many students are enrolled in Creating animation puzzles with Google Slides?,679
How many students are enrolled in iPhone icons gone awesome?,2346
How many students are enrolled in Adobe After Effect: Create 15 Advance Motion Graphic Element?,140
How many students are enrolled in Learn Sketch 3 Mobile App Design From Scratch?,528
How many students are enrolled in Learn Real Graphic Design?,297
How many students are enrolled in Designing With Halftones: Create a Dot Pattern Portrait!?,228
How many students are enrolled in Adobe Photoshop CS6 para Iniciantes?,5
How many students are enrolled in PHOTOSHOP: Dessiner l'affiche du film Rogue One en style BD?,4
How many students are enrolled in Doble exposición con Photoshop?,36
How many students are enrolled in Débuter avec KRITA?,3
How many students are enrolled in 会声会影深度教学?,3
How many students are enrolled in Criando um poster com foto colagem digital?,1
How many students are enrolled in Adobe InDesign CC 2017 Quick Start?,2
How many students are enrolled in 初めてのiDraw入門?,13
How many students are enrolled in Interiores Sostenibles 101?,1
How many students are enrolled in Adobe InDesign CS6?,5
How many students are enrolled in Aprende Photoshop con Ejercicios Prácticos.?,3
How many students are enrolled in Typography Design: Learn Web Typography The Practical Way?,970
How many students are enrolled in Learn Logo Designing: 5 Types of Logo Designs in Illustrator?,106
How many students are enrolled in Practical Font Design?,229
How many students are enrolled in Smashing Photoshop CC/CS?,437
"How many students are enrolled in Sketching: How to Draw People, Hands, Eyes, Buildings & Cars?",500
How many students are enrolled in Converting Type to Outlines in Adobe InDesign?,725
How many students are enrolled in Siemens NX Unigraphics (UG) Basic to Advance 3D Modelling?,142
How many students are enrolled in Typography From A to Z?,317
How many students are enrolled in Digital Asset Designer: Creating and Selling Mockups?,50
How many students are enrolled in Adobe Illustrator CC - From scratch ?,115
How many students are enrolled in Photoshop: 5 Practical Techniques to Improve Your Skills?,780
How many students are enrolled in Easy Coloring Book Design?,0
How many students are enrolled in Make Patterns in Illustrator?,0
How many students are enrolled in Learn to create Text fire effect in Adobe Photoshop ?,0
How many students are enrolled in Professional Business Logo Design Using Free Online Tools?,0
How many students are enrolled in Photoshop isn't like what you imagine A to Z .?,343
How many students are enrolled in The Art of Logo Design : Everything You Need to Know?,0
How many students are enrolled in Hand Lettering para Iniciantes?,384
How many students are enrolled in Aprende a utilizar Canva?,677
How many students are enrolled in photoshop - CURSO DE PHOTOSHOP DO BÁSICO AO AVANÇADO?,1110
How many students are enrolled in Photoshop - Revelando os segredos das Fusões?,858
How many students are enrolled in Create Mobile App Design from Scratch in Photoshop?,1359
How many students are enrolled in Apple Watch Design?,9847
How many students are enrolled in Word Swag : Create Stunning Images with the Word Swag App?,2416
How many students are enrolled in How to Draw Majestic Animals: Dogs?,1524
How many students are enrolled in Learn How To Design a Logo in Adobe Illustrator in 30 Mins?,1270
How many students are enrolled in The most popular techniques in Photoshop?,1753
How many students are enrolled in Become a Professional Graphic Designer?,3618
How many students are enrolled in How to Draw Cute Cartoon Characters?,4080
How many students are enrolled in How to Create awesome Cinema-graph With Adobe Photoshop??,1602
How many students are enrolled in Learn to Create a Mandala with Adobe Illustrator?,7
How many students are enrolled in 15 Motion Graphic Elements in After Effect (Series 2)?,8
How many students are enrolled in Fantasy map design?,7
How many students are enrolled in Creating 2D Game Assets?,57
How many students are enrolled in create 9 professional logo design full version?,91
How many students are enrolled in Stencil - Simple Graphic Design For Entrepreneurs?,11
How many students are enrolled in Learn Adobe InDesign from Scratch?,6
How many students are enrolled in Getting the Life of an Instructional Designer?,5
How many students are enrolled in Drawing for All Levels: How to Design Cartoon Women?,5
How many students are enrolled in Photoshop Tools 101?,6
How many students are enrolled in How to create gif animation in photoshop?,34
How many students are enrolled in How to Color Comic Books... with a Mouse?,7
How many students are enrolled in Bestseller! Learn Photoshop in 1 Hour (No Experience Needed)?,5471
How many students are enrolled in How To Design A Fortune 500 Logo in Illustrator?,3599
How many students are enrolled in Canva : Graphic Design Theory Volume2?,4961
How many students are enrolled in Canva : Book Cover Design?,3377
How many students are enrolled in Mastering Logo Design - 20 Projects step-by-step?,2599
How many students are enrolled in Graphic Design: Create Animated GIF Ad Banners in Photoshop?,6612
How many students are enrolled in Learn Inkscape : Design Logos and Game Arts?,1675
How many students are enrolled in Typography: Learn the Basics to Build a Solid Foundation?,5850
How many students are enrolled in Master Manga Studio 5: Bonus Drawing and Painting?,2325
How many students are enrolled in Learn Adobe Photoshop from scratch to professional?,1276
How many students are enrolled in 7 Secrets To Designing In Black and White?,1000
How many students are enrolled in Photoshop CS 6 ile Fotoğraf İşlemenin Temelleri?,86
How many students are enrolled in 誰でもわかる Adobe Illustrator CS6?,11
How many students are enrolled in Devenez le king de l'illustration automobile?,42
How many students are enrolled in Corel Draw X7 Eğitimi (Temelden İleri Seviyeye)?,28
How many students are enrolled in 调色中级课程?,5
How many students are enrolled in Drawing and paint hot girl with photoshop?,74
How many students are enrolled in Photoshop CC Eğitim Seti (YENİ)?,27
How many students are enrolled in مدخل في أساسيات الفوطوشوب للمبتدئين فقط?,13
How many students are enrolled in Creación de iconos con Illustrator?,27
How many students are enrolled in GraphicDesign Studio?,110
How many students are enrolled in Aula de Photoshop - Aprenda como recortar imagens?,15
How many students are enrolled in Make your own great designs in PowerPoint: Quick & Easy?,19
How many students are enrolled in Create Kindle eBook Covers with PowerPoint?,87
How many students are enrolled in Magazine Design: Start your own magazine in less than 24hrs?,802
How many students are enrolled in Essential Skills for Designers - Adobe Bridge?,14
How many students are enrolled in Learn to code in Python and learn Adobe Photoshop today!?,1132
How many students are enrolled in How to draw Caricatures?,347
How many students are enrolled in Essential Skills for Designers - Working with Type?,219
How many students are enrolled in How to Create Top Ranking Mobile App Icons - iOS Edition?,130
How many students are enrolled in Canva - Making Design Simple?,509
How many students are enrolled in Ribbon Lettering: From Sketch to Wordmark?,342
How many students are enrolled in How to Make a Custom Graphic ?,87
How many students are enrolled in Create Flat Designs with Inkscape ?,259
How many students are enrolled in Learn To Draw - The COMIC BOOK STYLE?,363
How many students are enrolled in Adobe Illustrator Vectors For Hand Letterers?,23
How many students are enrolled in How To Create Amazing YouTube Custom Thumbnail Images?,78
How many students are enrolled in Graphic Design Bootcamp: Professional Workflow & Layout Tips?,99
How many students are enrolled in Promotional Design Master Class?,14
How many students are enrolled in 48 Logo Designs and Techniques?,113
How many students are enrolled in Photoshop JumpStart?,66
How many students are enrolled in How To Sell Practically Anything: Professional Design Mockup?,52
"How many students are enrolled in Learn Calligraphy, Handwriting animation wz After Effects?",116
How many students are enrolled in LaTeX A-Z: from beginner to advance in less than 3 hour?,623
How many students are enrolled in How To Build Your Own Web Banner Design Business?,5000
How many students are enrolled in Canva: Design and Sell Your Own Professional Canva Designs?,793
How many students are enrolled in How to Design a Logo in Adobe Illustrator?,972
How many students are enrolled in Illustrator CC: Design and drawing from scratch to expert!?,2427
How many students are enrolled in Logo design: How To Design an Awesome Logo in Illustrator?,3131
How many students are enrolled in Photoshop: Real World Hands-on Freelance Mastery?,5950
How many students are enrolled in Graphic Design: Beginner's Graphic Design Guide to Photoshop?,4550
How many students are enrolled in Most Wanted Flat Design Techniques?,2081
How many students are enrolled in Design your own Social Media Logo Icons in Adobe Illustrator?,2424
How many students are enrolled in Mashup - Transform a scanned sketch into a digital painting?,57
How many students are enrolled in Motion Graphic With After Effect From Scratch in 5 Hours?,50
How many students are enrolled in Making Killer Images in Photoshop that WOW Clients!?,45
How many students are enrolled in Simple Photoshop CC: Smart Objects?,272
How many students are enrolled in Learn Photo Manipulation - Build 3 projects?,10
How many students are enrolled in Zombie Apocalypse Photoshop Actions?,12
How many students are enrolled in Creative Perspective Illustration with GIMP?,43
How many students are enrolled in iPhone icons in iOS7 - learn flat design?,165
How many students are enrolled in How to draw professional manga artwork by Punix?,83
How many students are enrolled in How do I Create a Stylized Graphics from Images in Photoshop?,17
How many students are enrolled in Advance Design of Logos and Brand Identity ?,34
How many students are enrolled in Como utilizar o Corel Draw por completo!?,293
How many students are enrolled in Photoshop 中級者、上級者がプロになるために最後に学ぶ「超絶技巧」テクニック?,113
How many students are enrolled in Corel Draw X7: Mão na Massa?,72
How many students are enrolled in Dibujo digital básico: cómo ilustrar en Photoshop?,155
How many students are enrolled in Adobe Illustrator CS6 باللغة العربية?,48
How many students are enrolled in Creare un logo con Adobe Illustrator?,1447
How many students are enrolled in Mestres do Photoshop?,86
How many students are enrolled in illustrator CC 2015.3 - Curso básico de ferramentas?,13
How many students are enrolled in Plantillas Powerpoint para Publicar en Mercadolibre y Ebay?,15
How many students are enrolled in Crie seu Cartão de Visita no CorelDRAW X8?,28
How many students are enrolled in Curso de Maya 3D?,62
How many students are enrolled in Photoshop: Organización de eventos y decoración de fiestas?,125
How many students are enrolled in Podcast Cover Art | Design Like the Best?,33
How many students are enrolled in Learn Drawing and Painting a Landscape with Oil Colours?,51
How many students are enrolled in Enhance your chroma key with an animated Slides background?,361
How many students are enrolled in Making Corporate Flyers in Photoshop?,4
How many students are enrolled in Rock-Solid Brands?,134
How many students are enrolled in Typographic Poster Design - From Sketch to Vector?,36
"How many students are enrolled in Make Money With Photoshop: Logos, Business Cards & Brochures?",32
How many students are enrolled in Photoshop the Art of Clipart?,30
How many students are enrolled in Adobe Illustrator Creative Cloud: Mastering the Upgrades?,22
How many students are enrolled in Illustrator 101: Learn Quickly and Easily to create Artwork?,452
How many students are enrolled in Design Your Own Fonts. Plus A Bunch Of Typography Secrets.?,67
How many students are enrolled in Easy Steps To Become A Photoshop Expert?,1081
How many students are enrolled in Intro to Adobe Illustrator?,189
How many students are enrolled in Basic Graphic Design for PowerPoint?,88
How many students are enrolled in Master Graphic Design Using Photoshop with Rachael?,598
How many students are enrolled in Adobe Illustrator | Master in 3D?,445
How many students are enrolled in From Drawing to Illustration?,237
How many students are enrolled in Adobe Suite : Unleash your creativity & benefit from it !?,1005
How many students are enrolled in Become a Logo Designer: Guide to Complimentary Logo Software?,485
How many students are enrolled in DIY Beautiful Social Graphics That Don't Require Photoshop?,238
How many students are enrolled in Design while you learn InDesign CC?,1116
How many students are enrolled in R Graph Essentials?,105
How many students are enrolled in Car Sketching with Simple Analog Tools?,23
How many students are enrolled in Drawing Anime & Manga Style?,82
"How many students are enrolled in How to Fix Common Branding Mistakes, for Graphic Designers?",19
How many students are enrolled in Mind-Blowing Photoshop: Master Skills Season 1?,94
How many students are enrolled in Architectural Drawing For Creatives?,5
How many students are enrolled in Adobe Photoshop (Complete Beginner)?,98
How many students are enrolled in Character Design?,5
How many students are enrolled in Icon Design Masterclass: Learn Icon Design Principles?,6
How many students are enrolled in create stunning Photoshop compositions in minutes?,5
How many students are enrolled in Marvelous Logo Design?,91
How many students are enrolled in The Complete Video Production Guide - Learn Top Video Tools?,121
How many students are enrolled in Drawing With Confidence?,105
How many students are enrolled in Add realistic car paint to your pencil drawing in Photoshop!?,17
How many students are enrolled in T-Shirt Sales - Merch By Amazon Profit Formula With Canva?,380
How many students are enrolled in Learn print production from start to finish?,494
How many students are enrolled in Step by Step Gif animation in Photoshop?,518
How many students are enrolled in Adobe - Create a professional logo step-by-step (Farming)?,214
How many students are enrolled in Adobe Illustrator CC Advanced?,11
How many students are enrolled in Mastering Realistic Real Life Drawing with Pencil?,33
How many students are enrolled in Silhouettes that Sells?,9
How many students are enrolled in FullPage: The Complete Guide to Flat Websites?,817
How many students are enrolled in How to design professional PowerPoint business presentation?,286
How many students are enrolled in Corel Painter 2016?,41
How many students are enrolled in eBook Cover Design?,30
"How many students are enrolled in Photoshop tips and tricks, how to change clothes?",837
How many students are enrolled in How to make Better Compositions: Take your art to new height?,11
How many students are enrolled in Adobe Photoshop CC | The Essential Guide?,254
How many students are enrolled in Learn to Composite a 2D Action Shot in Photoshop?,40
How many students are enrolled in Infographic Design: How To Create Your Own Infographic?,84
How many students are enrolled in Autodesk Inventor 2016 : Complete Guide ?,23
"How many students are enrolled in 7 Ways A Beginner Guitarist Can Sound Better, Instantly!?",4529
How many students are enrolled in Instant Harmonica - Christmas. Play Jingle Bells Part 1 now?,823
How many students are enrolled in Playing Piano: Popular Pieces Vol. II?,1472
How many students are enrolled in Ninja Chord Changes - Master your guitar chord changes?,1327
How many students are enrolled in Learn Fun Dreamy Piano Techniques #1 - Play White Christmas?,1474
How many students are enrolled in Learn Jazz Piano Today?,1167
How many students are enrolled in Learn To Play The Drums Without A Drum Kit?,1589
How many students are enrolled in Learn Travis Picking From Scratch?,219
How many students are enrolled in Instant Harmonica - how to get single notes in 5 easy steps?,835
How many students are enrolled in Piano Runs & Fills #3: Jazzy Chromatic Chord Song Endings?,747
How many students are enrolled in Teaching Music : Start teaching an instrument successfully.?,1337
How many students are enrolled in Instant Harmonica - play the groovy Beatles Yesterday today!?,295
How many students are enrolled in Pure Pentatonic Power: Rock and Blues Guitar Soloing?,128
How many students are enrolled in Rock Drumset Grooves: Level 1?,709
How many students are enrolled in Guitar: The Next Level?,117
How many students are enrolled in Learn to Play Euphonium: Beginner to Pro in Under Five Hours?,305
How many students are enrolled in Learn Oud 1 (No Prior Music Knowledge Required!)?,153
How many students are enrolled in Instant Harmonica - play Dylan's Blowing in the Wind today!?,81
How many students are enrolled in Improvise On The Piano In 30 Minutes?,85
How many students are enrolled in Cajon Step-by-Step: Beginner > Intermediate > Advanced?,73
How many students are enrolled in Instant Harmonica - play the gorgeous Skye Boat Song now!?,122
How many students are enrolled in Learn to Play Trombone: Go From Beginner to Pro in No Time!?,402
How many students are enrolled in FingerstyleGuitar by Jacques Stotzem - Basic Level?,119
How many students are enrolled in Instant Harmonica - play two Star Wars themes in 30 minutes ?,605
How many students are enrolled in Learn to Play the Flute: Beginner to Pro in Under Five Hours?,707
How many students are enrolled in Play Piano 7: Improvise on For All We Know in F Key by Ear?,438
How many students are enrolled in World's Fastest Piano Method - The Piano Revolution!?,1199
How many students are enrolled in Learn to Play the Trumpet: Beginner to Pro Made the Easy Way?,966
How many students are enrolled in Learn to Play Clarinet: Beginner to Pro in Under Five Hours?,877
"How many students are enrolled in Learn To Play The Piano Using Pop, R&B and Gospel Chords?",1504
How many students are enrolled in Play By Ear #4: Play Song By Ear with 3 Chords Using Any Key?,1064
How many students are enrolled in Worship Piano: From Beginner to Pro?,117
How many students are enrolled in Easy to play Christmas Songs for Guitar?,1229
How many students are enrolled in Playing Piano : Reading and Playing Classical Tunes Vol.I?,1732
How many students are enrolled in Learn Fun Dreamy Piano Techniques # 2 - Play Silver Bells?,1284
How many students are enrolled in 31 Day Guitar Challenge?,1029
How many students are enrolled in Percussive Fingerstyle Guitar?,886
How many students are enrolled in Learn to Play Saxophone: Beginner to Pro in Under Four Hours?,1213
"How many students are enrolled in Learn BASS GUITAR- Have Fun, Amaze Your Friends- It's Easy! ?",1605
How many students are enrolled in Guitar Insanity Workout - Eatmystrings!?,2673
How many students are enrolled in Playing Piano: Play Chords and Popular Pieces Vol.I?,1987
How many students are enrolled in Guitar Chord Riot! Learn to Play Guitar Like a Guitar Jedi?,1052
How many students are enrolled in Guitar: Learn 12 Must Know Beginner Rock Guitar Riffs?,1548
How many students are enrolled in Guitar Fretboard Mastery for the Blues Guitarist?,257
How many students are enrolled in Quick & Easy Piano Chords: Play more songs with more chords?,1818
How many students are enrolled in Instant Harmonica - play Scarborough Fair in 8 easy lectures?,543
How many students are enrolled in Piano With Willie: Blues n' Boogie Vol. 2?,95
How many students are enrolled in Have Fun with Beginner Blues Piano?,321
How many students are enrolled in Instant Harmonica - play this classic 8 bar blues tune!?,43
How many students are enrolled in Take your double bass drum technique to the next level?,584
How many students are enrolled in Slide Guitar- Slide Soloing Essentials?,297
How many students are enrolled in Learn Piano #8: Use Augmented Chord Sub & Whole Tone Scales?,1137
How many students are enrolled in Learn Acoustic Guitar for Worship?,86
How many students are enrolled in Learn 3 - All Time A R Rahman Hits on Carnatic Flute!?,98
How many students are enrolled in Instant Harmonica - play the groovy Irish Washerwoman now!?,55
How many students are enrolled in Music Fundamentals: Learn Beatmaking with Pen Tapping?,537
How many students are enrolled in Guitar Fretboard Secrets?,186
How many students are enrolled in Learn to Play French Horn: Beginner to Pro Made the Easy Way?,460
How many students are enrolled in 150 Rock Guitar Licks You MUST Know?,252
How many students are enrolled in Didgeridoo - from zero to HERO! Part One - beginning?,87
How many students are enrolled in Learn Piano Scales: Play any song in any key! Like Pro's do?,1720
How many students are enrolled in Instant Harmonica - play the groovy Valens La Bamba now!?,390
"How many students are enrolled in How to play Djembe, Drums & Rhythm. Level 2?",390
How many students are enrolled in Instant Harmonica - play Amazing Grace with grace and ease!?,496
How many students are enrolled in Instant Harmonica - play Amazing Grace + Ode to Joy now!?,341
How many students are enrolled in Play Thousands of Songs On The Guitar | Cheater Chords?,97
How many students are enrolled in Piano Improvisation from Day One?,1249
How many students are enrolled in Classical Guitar Essentials - The Basics Part 1?,861
How many students are enrolled in Learn Piano #7- Learn Chromatic Chords & Chromatic Scale Run?,973
How many students are enrolled in Play all major scales by ear - no notation required!?,868
How many students are enrolled in How to play in a local Irish music session with confidence?,193
How many students are enrolled in 16 Guitar Chords to Jam With - (Beginner - Intermediate)?,1224
How many students are enrolled in 101 Awesome Rockabilly Guitar Licks?,407
How many students are enrolled in A beginner`s guide to fingerpicking and strumming guitar'?,3481
How many students are enrolled in Acoustic Guitar Basics?,14495
How many students are enrolled in Cracking the Violin Code!?,746
How many students are enrolled in Instant Bodhran - part one; learn the basics of drumming now?,920
"How many students are enrolled in Play The Piano By Ear | Master Class, Learn By Doing?",362
How many students are enrolled in Discover Classical Guitar Level 2 ?,927
How many students are enrolled in Fingerpicking Classics - Great songs played fingerstyle!?,953
How many students are enrolled in 6 Must Know Tricks to Successful Solos?,469
How many students are enrolled in Learn the Violin - No Music Experience Necessary!?,600
How many students are enrolled in How to Design Your Own Guitar?,181
How many students are enrolled in Play Sonny Terry style on Harmonica and dazzle your friends!?,582
How many students are enrolled in Learn basics of South Indian Carnatic Flute Step by Step ?,380
How many students are enrolled in Basic Piano Hymn Playing?,1842
How many students are enrolled in #1 Piano Hand Coordination: Play 10th Ballad in Eb Key songs?,3137
How many students are enrolled in Piano Music Theory (Back To Basics) by JFilt?,4967
How many students are enrolled in Guitar - 12 Strumming Patterns You Must Know For Guitar?,2154
How many students are enrolled in CAGED Pentatonic System for Guitar - Level 3?,1224
How many students are enrolled in Classical Guitar Essentials - The Basics Part 2?,1030
How many students are enrolled in Introduction to Piano - By PGN Piano!?,14922
How many students are enrolled in Keyboard Instruments - Read Sheet Music for Piano Fast!?,2788
How many students are enrolled in How to Play the Guitar: Your 30-Day Guide to Learn Guitar?,2686
How many students are enrolled in Drumming Accelerator: How To Get The Best Start Possible?,1594
How many students are enrolled in Play Piano 4: Improvise on popular song Yesterday chords?,1018
How many students are enrolled in Getting Started with the Guitar in 5 Days?,270
How many students are enrolled in Piano With Willie: Blues n' Boogie Vol. 1?,172
How many students are enrolled in Piano Runs & Fills #4: C6 Rolling Waves & Waterfall Runs?,834
How many students are enrolled in Chugging - it don't mean a thing if it ain't got that swing!?,382
How many students are enrolled in Make Your Own Ukulele?,452
"How many students are enrolled in Beginner Violin 101: Care, Maintenance, and the Right Gear?",5543
How many students are enrolled in Learn How To Play 25 Classic Hip Hop Songs?,153
How many students are enrolled in Learn Beethoven's Fur Elise on Piano?,1582
How many students are enrolled in Piano With Willie Building Technique with Scales Vol. 1?,111
How many students are enrolled in Christmas Piano Songs For The Very Beginner Vol. I?,1060
How many students are enrolled in Introduction to Gypsy Jazz Guitar?,452
"How many students are enrolled in Learn How to Play Blues, Rock, & Boogie Woogie Piano Today?",2346
How many students are enrolled in The Piano Chord Ladder | Learn to Play Thousands of Songs?,103
How many students are enrolled in Play Piano 5: Improvise on Misty Eb Key Runs & 2-5 Chords?,833
How many students are enrolled in Playing Piano: Scales and Arpeggios Vol.I : Major keys?,2358
How many students are enrolled in Get great playing HARMONICA - a fun new leisure time hobby !?,2543
How many students are enrolled in Fingerstyle Guitar Mastery: 3 Techniques You Need To Know?,3042
How many students are enrolled in Play Piano 3: Improvise Chords to Enchanted Evening by Ear?,809
"How many students are enrolled in Jazz Guitar Tips, Tricks and Licks?",9351
How many students are enrolled in Piano From Zero To Pro - Beginner Essentials To The Piano?,811
"How many students are enrolled in Piano: Learn 48 chords in 1 hour, and always remember how?",1424
How many students are enrolled in Walking Bass - Quick Start Guide?,193
How many students are enrolled in Blues Bass - Quick Start Guide?,59
How many students are enrolled in How to speak Pianish (beginner level)?,545
How many students are enrolled in Gospel Piano Essentials?,668
How many students are enrolled in Instant Harmonica - play Leonard Cohen's Hallelujah now!?,100
How many students are enrolled in Piano Building Blocks: Learn the 24 Most Common Chords?,492
How many students are enrolled in Learn to Play the Oboe: Beginner to Pro in Under Four Hours?,500
How many students are enrolled in Playing Piano By Ear: Complete Guide for Aspiring Musicians?,346
How many students are enrolled in Country Guitar Fundamentals?,1174
How many students are enrolled in Discover Classical Guitar Level 1?,1513
How many students are enrolled in Get started playing blues harmonica?,6853
How many students are enrolled in Beginner Piano?,776
How many students are enrolled in Play Piano 6 -Improvise on The Way We Were with Power Chords?,701
How many students are enrolled in 101 Blues riffs - learn how the harmonica superstars do it?,1350
How many students are enrolled in Learn To Play The Drums?,1141
How many students are enrolled in Guitar: Master The Guitar Fretboard In 6 Easy Steps?,1203
How many students are enrolled in Play Piano in 30 Days! - Start Playing NOW!?,5188
How many students are enrolled in Curso de Didgeridoo nivel principiante?,0
How many students are enrolled in ブルースギター入門?,462
How many students are enrolled in Pianoforall - Incredible New Way To Learn Piano & Keyboard?,75499
How many students are enrolled in The Professional Guitar Masterclass?,21701
How many students are enrolled in Modern Rock Guitar Techniques?,3157
How many students are enrolled in Complete Guitar System - Beginner to Advanced?,32935
How many students are enrolled in Guitar Super System Level 1?,10869
How many students are enrolled in How to play Piano - Go from a Beginner/Intermediate to a Pro?,5316
How many students are enrolled in Guitar Super System Level 2?,4192
"How many students are enrolled in LEARN HARMONICA, amaze your friends and have fun - it's easy?",8857
How many students are enrolled in Ultimate Beginner Guitar Masterclass?,8113
How many students are enrolled in CAGED Pentatonic System for Guitar - Level 1?,1329
How many students are enrolled in CAGED Pentatonic System for Guitar - Level 2?,1220
How many students are enrolled in #12 Hand Coordination: Let your Hands dance with Ballad 9?,482
How many students are enrolled in How To Make Money With A Cover Band?,2498
How many students are enrolled in Learn How to Improvise on Guitar in 30 Days?,1788
How many students are enrolled in Play Piano 8 - Play Over the Rainbow by Ear & Free Improvise?,1249
How many students are enrolled in Piano For Singer/Songwriters 2: Pop/Rock Rhythm Immersion?,567
How many students are enrolled in Guitar: Learn 10 CCR Guitar Chord Progressions?,2045
"How many students are enrolled in Play Piano 2: Play 'Love Me Tender By Ear with 2-5 Chords""?",1204
How many students are enrolled in Learn Piano #10 Tritone Chord Substitution with Jazzy Sounds?,1227
How many students are enrolled in Getting Started with Playing Guitar?,47652
How many students are enrolled in Piano Playing: Reading and Playing Classical Tunes Vol.II?,1638
How many students are enrolled in Guitar - Learn 10 Legendary Chord Progressions for Guitar?,3013
How many students are enrolled in The Circle of Fifths for Guitarists?,1018
How many students are enrolled in Piano Runs & Fills #2: Play Rolling Cascading Runs for Intro?,2164
How many students are enrolled in Piano - Circle of 5ths to Play A Song in 12 Keys in 12 Days?,2415
How many students are enrolled in Essential Theory and Technique for Guitar?,2285
How many students are enrolled in Master Class Piano Techniques: Tips To EZ Coordinate 2 Hands?,2026
How many students are enrolled in Master Class # 11: Play Piano Techniques Learn Piano 1 to10?,2164
How many students are enrolled in Learn all Piano Chords in all Piano Scales with logic?,969
How many students are enrolled in Learn to play the piano or keyboard from scratch?,1987
How many students are enrolled in 5 Exotic Guitar Scales and How to Use Them Effectively?,1319
How many students are enrolled in Learn 4 Chords and Play Thousands of Songs!?,4560
How many students are enrolled in #10 Hand Coordination - Transfer Chord Ballad 9 - C & Bb Key?,1593
How many students are enrolled in Guitar Chord Mastery!Turn Your Brain Into A Chord Encyclopia?,4133
How many students are enrolled in Play Piano 1 Master Class Intro: Standards 2-5 Power Chords?,1541
How many students are enrolled in Learn Guitar: Zero to Guitar Fingerpicking in 30 days?,1495
How many students are enrolled in How to play Contemporary Piano?,1200
How many students are enrolled in Piano Technique Exercises Vol.1?,1674
How many students are enrolled in Instant Harmonica - Learning the Basic 12 Bar Blues Bassline?,54
How many students are enrolled in #5 Piano Hand Coordination: Piano Runs in 2 Beats Eb Key?,940
How many students are enrolled in Modern Country Guitar: Technique Booster?,1152
How many students are enrolled in #4 Piano Hand Coordination: Fun Piano Runs in 2 Beats C Key?,850
How many students are enrolled in 3 step formula for playing guitar by ear?,3937
How many students are enrolled in Learn to Read & Write Music to play Piano & more instruments?,5292
How many students are enrolled in Learn to play your favorite guitar songs by ear?,4733
How many students are enrolled in Piano for Singer/Songwriters | Write Songs and Perform Live!?,3371
How many students are enrolled in Learn Guitar in 21 Days?,26504
How many students are enrolled in The Professional Bass Masterclass?,1449
How many students are enrolled in The Allman Brothers Guitar Roots And Techniques?,2692
How many students are enrolled in Blues Guitar Fundamentals?,3312
How many students are enrolled in #6 Piano Hand Coordination: Play Open 10 Ballad to 9/4 Song?,2015
How many students are enrolled in #7 Piano Hand Coordination: Play Piano Runs in 3 Beats 9/4?,2015
How many students are enrolled in Beginner Level Popular Piano Program - Month 1?,7
How many students are enrolled in Darbuka Drumming: Learn how to play the Darbuka Dounbek?,1094
How many students are enrolled in Awesome Lead Guitar 1?,60
How many students are enrolled in The art of piano improvisation?,83
How many students are enrolled in How To Build A Professional Djembe: Create Music Beauty &Biz?,122
How many students are enrolled in Advanced Euphonium Studies - Learn to Master the Euphonium!​?,106
How many students are enrolled in Didgeridoo - from zero to HERO! Part Two. Intermediate.?,55
How many students are enrolled in Fingerstyle Guitar by Jacques Stotzem - Advanced Level?,77
How many students are enrolled in Trumpet Pro Series - You're going to love practicing Trumpet?,92
How many students are enrolled in A Guide to Analog Synths: For the modern EDM enthusiast.?,29
How many students are enrolled in Accelerate Your Guitar Learning With Metal Techniques?,1305
How many students are enrolled in Just chords Piano: Learn to Play Piano Quickly - No Music?,2357
How many students are enrolled in Play Ukulele Now?,1951
How many students are enrolled in Piano Runs & Fills #1: Play Dreamy Whole Tone Scale Runs?,769
How many students are enrolled in Play Piano Today - Easy Festive Favorites & Piano Party Hits?,3122
How many students are enrolled in Learn to play guitar and sing at the same time?,66
How many students are enrolled in Introduction to Ukulele 1?,630
How many students are enrolled in Learn Flute FAST!?,249
How many students are enrolled in Piano With Willie: Blues n' Boogie Vol. 3?,84
How many students are enrolled in Instant Harmonica - play The Kesh (pt 1) it's easy and fun!?,58
How many students are enrolled in Instant Harmonica - play Somewhere Over the Rainbow now!?,431
How many students are enrolled in Instant Harmonica - play The Kesh (part 2) - easy and fun!?,53
How many students are enrolled in The 80/20 Guitar: Write Music and Play Guitar in 30 Days?,2610
How many students are enrolled in Ukulele 2 : Level 1 KEY OF C AND STRUMS?,26
How many students are enrolled in Guitar for Music Educators: Learning How to Teach Guitar?,32
How many students are enrolled in Bluegrass Guitar Essentials: Webisodes 3 & 4?,12
How many students are enrolled in Instant Harmonica - play Christmas + Birthday songs now!?,236
How many students are enrolled in Bluegrass Guitar Essentials: Webisodes 5 & 6?,11
How many students are enrolled in Flute Pro Series - You're about to love practicing the flute?,135
How many students are enrolled in How To Play Guitar - Everything You Need To Know To Start?,5
How many students are enrolled in Trombone Pro Series - Fall in love with the Trombone?,57
How many students are enrolled in Learn How To Play 25 Classic Hip Hop Songs Ch.2?,7
How many students are enrolled in Learn to play tunes by ear on harmonica - no written music?,73
How many students are enrolled in Fingerpicking for Guitar?,35
"How many students are enrolled in Music Theory, Guitar and Ear Training?",30
How many students are enrolled in Advanced Trombone Studies - Learn to Master the Trombone!?,39
"How many students are enrolled in Euphonium Solos: Learn to Perform Three Fun, Unique Pieces!?",90
How many students are enrolled in Piano With Willie: Tritones & Phat Chords?,37
How many students are enrolled in Piano for Kids: Developing Your Child's Creative Abilities?,42
How many students are enrolled in French Horn Solos: Learn how to Perform Three Fun Pieces!?,88
How many students are enrolled in Bluegrass Guitar Essentials: Webisodes 9 & 10?,10
How many students are enrolled in Play music on Harmonica using 8 notes - learn easy tunes!?,29
How many students are enrolled in Learn Piano Online-A Quiet Solace Piano Solo?,7
How many students are enrolled in Bluegrass Guitar Essentials: Webisodes 7 & 8?,9
How many students are enrolled in The Art of the Blues Shuffle - A Guitarist's Guide?,8
How many students are enrolled in Learn Piano Online-Ambiance Piano Solo?,8
How many students are enrolled in The Theory & Practice of Modes on the Guitar?,17
How many students are enrolled in Learn How To Play The Trumpet?,2
How many students are enrolled in Aprendiendo Piano: Tocando piezas populares Vol.I?,122
How many students are enrolled in Curso de Bateria - Explorando Diferentes Divisões?,5
How many students are enrolled in Escalas Pentatónicas para guitarristas?,11
How many students are enrolled in Brass Master Class?,36
How many students are enrolled in Enseñando música: mejora tus clases de instrumento ?,111
How many students are enrolled in Ukelele exprés: aprende a tocar en menos de un mes?,888
How many students are enrolled in Curso de Guitarra para Principiantes?,53
How many students are enrolled in Mundharmonika spielen - mein schönstes Hobby?,65
How many students are enrolled in Aprende el acordeón de oído y con técnica –Nivel Intermedio–?,38
How many students are enrolled in Présentation du Banjo Ténor?,18
How many students are enrolled in Aprende a tocar el acordeón de botones?,22
How many students are enrolled in Aprendiendo piano: Lectura de piezas clásicas Vol.I?,211
How many students are enrolled in Pedais de efeito para Contrabaixo?,10
How many students are enrolled in Mantenimiento y octavación para guitarras eléctricas?,12
How many students are enrolled in Aprende a tocar el violín desde cero?,17
How many students are enrolled in Aprende a tocar el teclado como los expertos?,11
How many students are enrolled in Aprende a tocar el saxofón como siempre has querido?,8
How many students are enrolled in Guitarra para principiantes?,7
How many students are enrolled in Aprende a tocar flauta transversal sin complicaciones?,6
How many students are enrolled in Aprende a tocar las escalas en el acordeón de botones.?,2
How many students are enrolled in Curso de Violão Prático?,5
"How many students are enrolled in Aprende a tocar percusiones: congas, bongós, maracas y más?",14
How many students are enrolled in Gitarre spielen - mein schönstes Hobby?,11
How many students are enrolled in Aprende a tocar la guitarra acústica como un profesional?,11
"How many students are enrolled in Easy Piano Basics™ - Learn Piano, No Prior Experience Needed?",377
How many students are enrolled in Guitar Technique Mastery: The Ultimate Chop Building Workout?,273
How many students are enrolled in Inside Drum Technique?,406
"How many students are enrolled in Learn to Play Tarrega, Bach, and Sor on Classical Guitar?",556
How many students are enrolled in Create Beautiful Music On The Piano Like a Pro In Minutes?,115
How many students are enrolled in Instant Harmonica - play the great Irish tune Molly Malone!?,420
How many students are enrolled in Instant Harmonica - play 'Can't Help Falling in Love' now!?,32
How many students are enrolled in Arpeggios for Guitar made Easy! Dominate the Fretboard?,26
How many students are enrolled in Learn to Play Percussion: Beginner to Pro made the Easy Way!?,425
How many students are enrolled in Learn Lion (Saroo) Soundtrack On The Piano By Ear?,104
How many students are enrolled in Play Guitar and Understand Music Quick & Easy in 28 Days!?,738
How many students are enrolled in Learn How to Play the Violin - Violin Basics?,365
How many students are enrolled in Guitar:Play 5 Easy Christmas Chord Progressions On Guitar?,383
How many students are enrolled in Get Piano Skills TODAY!!! ?,92
How many students are enrolled in Learn the Violin - Scales and Fundamentals?,291
How many students are enrolled in Piano With Willie Building Technique with Scales Vol. 2?,61
How many students are enrolled in Master Flute Playing: Intermediate Instruction Made Simple!?,288
How many students are enrolled in How to Sing and Play the Guitar (at the same time)?,78
"How many students are enrolled in Super Beginner Guitar - start right, start awesome?",594
How many students are enrolled in Gibson's Learn & Master Guitar?,103
How many students are enrolled in Master the Trombone: Intermediate Instruction Made Simple!?,231
How many students are enrolled in Walking Bass Fundamentals?,44
How many students are enrolled in Circular Breathing for musicians - practical skills?,261
How many students are enrolled in Aprenda a tocar Pandeiro - Curso Iniciante - Samba/Choro?,85
How many students are enrolled in Aprende batería con el nuevo método IDT?,335
How many students are enrolled in 5 lecciones que todo guitarrista debe tomar?,4452
How many students are enrolled in Los 7 Acordes para Tocarlo Todo en un fin de semana?,332
How many students are enrolled in Curso de Violão Popular?,287
How many students are enrolled in Aprendiendo Piano: Ejercicios de calentamiento?,1876
How many students are enrolled in Aprendiendo piano: Lectura de piezas clásicas Vol.II?,113
How many students are enrolled in Guitarra Desde Cero - PARTE 1?,480
How many students are enrolled in Super-Curso de Guitarra Práctico Para Principiantes?,228
How many students are enrolled in Explosão Pentatônica?,42
How many students are enrolled in Learn 10 Scottish Tunes Piano Easy Level?,103
How many students are enrolled in Fingerpicking Fundamentals?,75
How many students are enrolled in Piano With A Pro?,66
How many students are enrolled in Master the Tuba - Intermediate Instruction Made Simple!?,184
How many students are enrolled in Advanced Flute Studies - Learn to Master the Flute!​?,205
How many students are enrolled in Alternate Picking Speed & Accuracy?,19
"How many students are enrolled in Master the Euphonium with Simple, Intermediate Instruction!?",120
How many students are enrolled in Master the Clarinet: Intermediate Instruction Made Simple!?,232
How many students are enrolled in Advanced Clarinet Studies - Learn to Master the Clarinet!?,148
How many students are enrolled in Aprende a tocar ritmo pop en el piano y teclado?,10
How many students are enrolled in Aprendiendo Piano: Tocando piezas populares Vol.II?,72
How many students are enrolled in Comment jouer du Pianoforte?,172
How many students are enrolled in Aprende a tocar blues en el piano y teclado?,10
How many students are enrolled in ABC DO VIOLÃO E GUITARRA?,25
How many students are enrolled in Suonare la Chitarra?,1
How many students are enrolled in Aprende todos los secretos de la guitarra flamenca?,13
How many students are enrolled in こどもギターレッスン リトルギタリストⅠ?,69
How many students are enrolled in Aprende cómo tocar el Bajo Sexto?,10
How many students are enrolled in Coach Guitar - Apprendre la GUITARE facile avec des COULEURS?,25
How many students are enrolled in Sistema Completo De Guitarra Rítmica Para Principiantes?,21
How many students are enrolled in Curso de batería online de Patricio Iglesias (Santa Sabina)?,5
"How many students are enrolled in Learn Piano with Beyer, 15 Minutes Challenge?",418
"How many students are enrolled in Classical Guitar Master Class: 'Alman ""?",113
How many students are enrolled in Blues Accelerator - 21 Days to Blues Guitar Mastery?,78
How many students are enrolled in Instant Harmonica - Christmas; play Jingle Bells part 2 now!?,58
How many students are enrolled in Piano With Willie: Jazz & Gospel Exercises?,56
How many students are enrolled in Bending the blue notes to give you killer sound on harmonica?,162
"How many students are enrolled in Beginner's Guitar: Tuning, Strumming, and Chords!?",2577
How many students are enrolled in Instant Harmonica - play The Lion Sleeps Tonight - today!?,62
How many students are enrolled in Piano With Willie Building Technique with Scales Vol. 3?,42
How many students are enrolled in Instant Bodhran - part two; learning further drumming skills?,28
How many students are enrolled in Guitar Essentials?,261
How many students are enrolled in Learn to play and improve 12 bar blues harmonica solos?,4
How many students are enrolled in Learn to improvise on your harmonica - in nice easy steps?,98
How many students are enrolled in Advanced Bassoon Studies - Learn to Master the Bassoon!​?,197
How many students are enrolled in Instant Harmonica - play Whiskey in the Jar + Molly Malone!?,21
How many students are enrolled in Learn To Play Trumpet Fast Using The Passive Trumpet Tutor?,92
How many students are enrolled in Electric Bass Right From The Start?,239
How many students are enrolled in Beginner Guitar Essentials?,5
How many students are enrolled in Advanced Tuba Studies - Become a Master of the Tuba!​?,173
How many students are enrolled in Hands On Guitar: Beyond Beginner?,54
How many students are enrolled in Instant harmonica - play Auld Lang Syne the neet (tonight)!?,28
How many students are enrolled in Piano The Hard Way - Fast Way To Life Long Piano Enjoyment?,238
How many students are enrolled in The Ultimate Method for Learning Modern Piano & Keyboards?,512
How many students are enrolled in Master the Bassoon - Intermediate Instruction Made Simple!?,177
How many students are enrolled in Oboe Pro Series - You're going to love practicing the Oboe?,61
How many students are enrolled in Instant Harmonica - play this classic GAME OF THRONES theme!?,21
"How many students are enrolled in Trumpet Solos: Learn how to Perform Three Fun, Unique Pieces?",115
How many students are enrolled in Learn 4 Vital things that will make your DRUM PLAYING EASIER?,510
How many students are enrolled in Sax Solos: Learn how to Perform Three Fun and Unique Pieces!?,147
How many students are enrolled in Aprende a tocar los mejores solos en la guitarra eléctrica?,5
How many students are enrolled in Aprende a tocar la guitarra?,7
How many students are enrolled in Aprende a tocar el piano desde cero?,4
How many students are enrolled in Aprende a tocar el clarinete. ?,4
How many students are enrolled in Ahora aprende a tocar jazz en el piano?,4
How many students are enrolled in こどもギターレッスン リトルギタリストⅡ?,2
How many students are enrolled in Aprende a tocar el contrabajo sin complicaciones?,3
How many students are enrolled in Aprende a tocar la guitarra eléctrica?,3
How many students are enrolled in Aprende a improvisar en la guitarra eléctrica?,3
How many students are enrolled in Curso de Teclado?,1
How many students are enrolled in Guitarra Acústica en Siete Días?,1
How many students are enrolled in improvisación de Guitarra?,1
How many students are enrolled in Piano With Willie Building Technique with Scales Vol. 4?,44
How many students are enrolled in Back In Black the AC/DC Classic Rock Track?,13
How many students are enrolled in Keyboard Basics?,17
How many students are enrolled in Easy Piano - learn and play along?,11
How many students are enrolled in Learn Piano: The Basics of Keyboards?,113
How many students are enrolled in Bassoon Pro Series - You're going to love practicing Bassoon?,36
How many students are enrolled in Coach Guitar - Amazing New Way To Learn Guitar With Colors?,12
How many students are enrolled in Mastering the Art of Guitar Chords?,78
How many students are enrolled in 30 Day Guitar Jump Start for Success?,31
How many students are enrolled in Learn to Play Bassoon: Beginner to Pro in Under Four Hours!?,205
How many students are enrolled in The 7 Day Guitar Method?,213
How many students are enrolled in Instant Harmonica - play Star Wars + the Lion Sleeps now!?,33
How many students are enrolled in Instant harmonica - play Adele's wonderful 'Hello' today!?,284
How many students are enrolled in Guitar Strumming 101 - Have More Fun Playing Songs You Love?,8
How many students are enrolled in Master Oboe Playing: Intermediate Instruction Made Simple!?,98
How many students are enrolled in TAKE NOTE BEGINNER CLARINET! – Fun with Fundamental Skills?,137
How many students are enrolled in Learn to Play Irish Fiddle?,112
How many students are enrolled in Hands-On Guitar: The Beginner's Guide?,28
How many students are enrolled in Horn Pro Series - You're going to love playing French Horn?,48
How many students are enrolled in Instant Harmonica - play the Irish tune Whiskey in the Jar!?,41
How many students are enrolled in Didgeridoo - from zero to HERO! Part Three. Advanced level.?,209
How many students are enrolled in Saxophone Pro Series - You're going to love practicing Sax?,119
How many students are enrolled in Clarinet Pro Series - Fall in love with the Clarinet?,95
How many students are enrolled in Advanced Trumpet Studies - Learn to Master the Trumpet!​?,184
How many students are enrolled in Master the Saxophone: Intermediate Instruction Made Simple!?,376
How many students are enrolled in You Can Play Jazz Saxophone?,37
"How many students are enrolled in Improvise Puccini´s 'E Lucevan le Stelle on Piano""?",169
How many students are enrolled in Building Up To Barre Chords?,20
How many students are enrolled in Learn the Violin - Bowing Techniques?,89
How many students are enrolled in Back 2 The Basics?,265
How many students are enrolled in Play the Jews Harp - instant skills for non musicians.?,196
How many students are enrolled in Master Trumpet Playing: Intermediate Instruction Made Simple?,292
How many students are enrolled in Practical Guitar Theory: Level 1?,14
How many students are enrolled in Instant harmonica - enjoy playing Silent Night tonight!?,16
How many students are enrolled in HARP&SOUL | Learn the Secrets of the Harmonica?,114
"How many students are enrolled in Play Leyenda, Canarios, and Bach on Classical Guitar?",185
How many students are enrolled in Instant Harmonica - play the cool tune Dirty Old Town now!?,42
How many students are enrolled in Ultimate Beginner Guitar Guide - Both Acoustic & Electric ?,57
How many students are enrolled in Tenor Banjo?,70
How many students are enrolled in Introduction to Lead Guitar?,245
How many students are enrolled in Piano With Willie: Basics of Improvisation?,76
How many students are enrolled in Euphonium Pro Series - Fall in love with the Euphonium?,44
How many students are enrolled in Pure Rock Guitar : Play Like the Gods of Rock!?,80
How many students are enrolled in Master the French Horn: Intermediate Instruction Made Simple?,68
How many students are enrolled in Classical Guitar Technique: 80/20?,54
How many students are enrolled in Total beginner to intermediate guitar - Learn to play by ear?,80
How many students are enrolled in Aprende escalas y arpegios Vol. I: Modo mayor?,85
How many students are enrolled in Aprende a tocar Guitarra RAPIDO y FACIL con Guitarsimple?,57
How many students are enrolled in Ukulele lernen für Papas mit Bruder Jakob?,12
How many students are enrolled in Tin Whistle Básico?,11
How many students are enrolled in Leve a sua técnica de pedal duplo para um novo patamar?,42
How many students are enrolled in Sevillanas con Castañuelas - Baile y toque al mismo tiempo?,20
How many students are enrolled in 見てわかる！やさしく独習アコギ（入門編）TAKA先生のアコースティックギターレッスンⅠ?,41
How many students are enrolled in 【すぐに覚える！】ASALATO-アサラト(打楽器)初心者向け入門講座?,5
How many students are enrolled in Aprende a Tocar Teclado - Piano?,119
How many students are enrolled in Castañuelas por Sevillanas - Curso del toque de castañuelas?,22
How many students are enrolled in Aprende a tocar Música Cristiana en el piano y teclado?,17
How many students are enrolled in Easy Guitar Songwriting And Harmony?,82
How many students are enrolled in How to play easy tunes on the harmonica - just the basics?,79
How many students are enrolled in Instant Harmonica - play Over the Rainbow + Skye Boat now!?,29
"How many students are enrolled in Flute Solos: Learn how to Perform Three Fun, Unique Pieces?",156
How many students are enrolled in Painless Piano!?,353
How many students are enrolled in Pop and Jazz Keyboards and Harmony (beginner level)?,47
How many students are enrolled in Starting to play the blues on your harmonica in easy steps ?,71
How many students are enrolled in Learn the Viola - Scales and Fundamentals?,21
"How many students are enrolled in Learn to Play 'Let It Snow on Piano""?",36
How many students are enrolled in Instant Harmonica - play the Irish anthem Danny Boy today!?,8
How many students are enrolled in Piano Building Blocks: Learn Chord Additions & Variations?,375
How many students are enrolled in Advanced Saxophone Studies - Learn to Master the Saxophone!?,215
How many students are enrolled in Killer Harmonica sounds using the tongue and bending notes ?,80
How many students are enrolled in Instant Harmonica - play When the Saints on harmonica now!?,31
How many students are enrolled in Learn Piano Online-Keys to the Keyboard?,18
How many students are enrolled in Getting Started with Power Chords?,6
How many students are enrolled in Drumming 101: The Essential Elements?,4
How many students are enrolled in Guitar for Christmas!?,7
How many students are enrolled in Learn Piano Online-Nocturnal Piano Solo?,2
How many students are enrolled in Guitar Chords and Basic Strumming?,3
How many students are enrolled in Getting Started on the Acoustic Guitar?,3
How many students are enrolled in Learn Piano Online-In the Garden Piano Solo?,1
How many students are enrolled in Learn To Play The Guitar In A Day?,3
How many students are enrolled in 88 Logic - The Essential Guide To Learning Piano?,3
How many students are enrolled in Tuba Solos: Learn how to Perform Three Fun and Unique Pieces?,164
How many students are enrolled in Instant Harmonica - play Dylan's Like a Rolling Stone now!?,28
How many students are enrolled in Advanced Oboe Studies - Become a Master Oboist!​?,47
How many students are enrolled in Instant Harmonica - play 'I just called to say I love you'?,15
How many students are enrolled in Jazz piano improvisation: The girl form Ipanema. Bossa nova?,151
How many students are enrolled in Piano With Willie: Jazz Kids - Vol 3?,16
"How many students are enrolled in Bluegrass Guitar Essentials: Webisodes 13, 14, & 15?",14
How many students are enrolled in Guitar - Rock - Beginner with Marc Seal?,40
"How many students are enrolled in Oboe Solos: Learn to Perform Three Fun, Unique Pieces!?",41
How many students are enrolled in Bluegrass Guitar Essentials: Webisodes 11 & 12?,9
How many students are enrolled in Advanced Horn Studies - Learn to Master the French Horn!​?,46
How many students are enrolled in Piano With Willie: Jazz Kids - Vol 4?,19
How many students are enrolled in Instant Harmonica - play the old Popeye Spinach song now !?,22
How many students are enrolled in Piano With Willie: Jazz Kids - Vol 2?,17
How many students are enrolled in Practice guitar with no previous experience and become a pro?,26
How many students are enrolled in Make Electronic Music with the iPad?,13
How many students are enrolled in Guitar 201: Breakthroughs?,14
How many students are enrolled in Major Scales and Modes for Chromatic Harmonica?,6
How many students are enrolled in Coaching Bundle: Guitar for Music Educators: Part 1?,1
How many students are enrolled in Coaching Bundle: Guitar for Music Educators: Part 2?,1
How many students are enrolled in Ukulele 3: Intermediate?,1
How many students are enrolled in Learn Pirates of the Caribbean by Ear on the Piano?,0
How many students are enrolled in 4 Week Rhythm Mastery?,0
How many students are enrolled in Tune that Sour Note on Your Piano?,0
How many students are enrolled in Learn Vikings Soundtracks on the Piano by Ear?,0
How many students are enrolled in ABRSM Grade III Piano Class - Handel Sonatina in G 2017-2018?,0
How many students are enrolled in Instant Harmonica - play 12 bar blues Big Walter style now!?,31
How many students are enrolled in Spice up your playing with some easy Flamenco techniques! ?,120
How many students are enrolled in Guitar Kick Start?,3160
How many students are enrolled in Instant Harmonica – play Beethoven’s Ode to Joy right now!?,455
How many students are enrolled in Funk Rhythm Guitar Techniques?,82
How many students are enrolled in Flamenco Guitar?,136
How many students are enrolled in Guitar Looper Basic Training?,64
How many students are enrolled in Piano With Willie: Jazz Kids - Vol 1?,28
How many students are enrolled in Instant Harmonica - play the Drunken Sailor sea shanty now! ?,27
How many students are enrolled in Learn to Play Sweet Child of Mine?,0
How many students are enrolled in Bluegrass Guitar Essentials: Webisodes 1 & 2?,970
How many students are enrolled in Learn Monster GODJ?,991
How many students are enrolled in Learn to Play Tabla - The Indian drums?,1
How many students are enrolled in Gitarre spielen wie die Profis?,1981
How many students are enrolled in Curso de piano 101 - Tocando partituras y acordes -?,245
How many students are enrolled in Sintetizadores e Síntese Subtrativa?,38
How many students are enrolled in Spielend Klavier lernen mit Freude und Erfolg?,255
How many students are enrolled in Curso de ejercicios técnicos al piano Vol.2?,62
How many students are enrolled in Curso de ejercicios técnicos al piano Vol.1?,186
How many students are enrolled in Aprende escalas y arpegios Vol.2 : Modo menor?,62
How many students are enrolled in Instant Harmonica - play Blowing in the Wind + Popeye theme!?,13
How many students are enrolled in Instant Harmonica - play jazzy Autumn Leaves now (part one)?,25
How many students are enrolled in Guitar - Rock - Beginner/Intermediate with Marc Seal?,36
How many students are enrolled in Learn to play in the Key of G on any Bluegrass Instrument?,349
How many students are enrolled in Beginner Guitar Method?,85
How many students are enrolled in How to Play Dan Fogelberg Songs on Guitar?,24
How many students are enrolled in Instant Harmonica - play jazzy Autumn Leaves now (part two)?,19
How many students are enrolled in Jazz Guitar Reharmonization for Autumn Leaves?,30
How many students are enrolled in Instant Harmonica - play Summertime + Drunken Sailor now!?,26
How many students are enrolled in Add Slide To Your Guitar Playing?,75
How many students are enrolled in Piano With Willie: Piano Chords Vol. 2?,32
How many students are enrolled in Classical Guitar Finger-Picking: Right Hand Arpeggios?,200
"How many students are enrolled in Rapidly Learn & Master Acoustic Guitar, Classic Fingerstyle?",478
How many students are enrolled in Play tunes on harmonica and learn how to bend some notes?,73
How many students are enrolled in Instant Harmonica - play Yesterday + Scarborough Fair today!?,33
How many students are enrolled in Old-Time Banjo for the Absolute Beginner?,192
"How many students are enrolled in Learn Guitar The Easy Way, It's Faster?",57
How many students are enrolled in Learn Oud 2?,81
How many students are enrolled in The Essentials of Acoustic Guitar Strumming Patterns?,2995
How many students are enrolled in Acoustic Guitar After The Basics?,181
How many students are enrolled in Piano With Willie: Piano Chords Vol. 1?,48
How many students are enrolled in Learn to Play the Tuba: Beginner to Pro in Under Five Hours!?,225
How many students are enrolled in Play Autumn Leaves' falling notes on piano with no reading!?,438
How many students are enrolled in Learn Basics of South Indian Carnatic Flute - Level 2?,152
How many students are enrolled in Bones of the Blues - learn 4 cool tunes to expert level now!?,248
How many students are enrolled in GUITAR #1: Beginner Basics and Beyond?,111
How many students are enrolled in Pure Modal Magic: The Complete Guitar Modes Solution?,52
How many students are enrolled in Aprende diferentes ritmos con la guitarra rítmica?,10
How many students are enrolled in Aprender a tocar la batería sin salir de casa?,10
How many students are enrolled in Aprende a tocar el bajo eléctrico ?,9
How many students are enrolled in Aprende todos los secretos de la salsa para piano?,7
How many students are enrolled in Aprende a tocar ritmos latinos en el teclado?,7
How many students are enrolled in Ukulele lernen für Papas mit Aram sam sam?,1
How many students are enrolled in Aprende a tocar la trompeta?,6
How many students are enrolled in Curso de guitarra para principiantes.?,4
How many students are enrolled in Aprende a tocar Jazz y Ritmos Latinos en la guitarra?,6
How many students are enrolled in こどもギターレッスン リトルギタリストⅢ（完結編）?,3
How many students are enrolled in Aprende a tocar la flauta dulce de forma sencilla y gradual?,5
"How many students are enrolled in Aprende a tocar jazz, salsa y blues en el piano?",5
How many students are enrolled in Learn Web Designing & HTML5/CSS3 Essentials in 4-Hours?,43285
How many students are enrolled in Learning Dynamic Website Design - PHP MySQL and JavaScript?,47886
How many students are enrolled in ChatBots: Messenger ChatBot with API.AI and Node.JS?,2577
How many students are enrolled in Projects in HTML5?,8777
How many students are enrolled in Programming Foundations: HTML5 + CSS3 for Entrepreneurs 2015?,23764
How many students are enrolled in Build Your Own Backend REST API using Django REST Framework?,2669
How many students are enrolled in Angular and Firebase - Build a Web App with Typescript?,1966
How many students are enrolled in Scaling Docker on AWS?,3133
How many students are enrolled in Learn by Doing: Vue JS 2.0 the Right Way?,1087
How many students are enrolled in Learn Complete Web Development From Scratch?,14074
How many students are enrolled in Introduction to Web Development: HTML?,26800
How many students are enrolled in Web Programming with Python?,35267
How many students are enrolled in PHP Login and Registration System - Email Confirm Activation?,2607
How many students are enrolled in PSD to Responsive HTML5: Beginner to Advanced?,1502
How many students are enrolled in Rapid Website Design with Bootstrap?,14842
How many students are enrolled in Build Enterprise Applications with Angular 2 (and Angular 4)?,6082
How many students are enrolled in Accelerated JavaScript Training?,4720
"How many students are enrolled in Beginner API development in Node, Express, ES6, & MongoDB?",7057
How many students are enrolled in React JS and Redux - Mastering Web Apps?,16829
How many students are enrolled in Web Development w/ Google’s Go (golang) Programming Language?,4872
How many students are enrolled in Git a Web Developer Job: Mastering the Modern Workflow?,5809
How many students are enrolled in Learn Bootstrap Development By Building 10 Projects?,14813
How many students are enrolled in Advanced Javascript?,6601
How many students are enrolled in Dissecting Ruby on Rails 5 - Become a Professional Developer?,2804
How many students are enrolled in JQuery Essentials core training for Dynamic Interactive web?,9668
How many students are enrolled in Node.js: The Essentials + API Frameworks Express KOA Sails?,2760
How many students are enrolled in Build a Single Page Application with jQuery & AJAX?,486
How many students are enrolled in Successful website creation - everything you need to know?,9384
How many students are enrolled in Code a personal splash page in 1 hour?,10610
How many students are enrolled in Angular 4 Development Decoded?,1802
How many students are enrolled in Javascript ES6! A Complete Reference Guide to Javascript ES6?,4783
How many students are enrolled in Reactive JS: Are you ready for the next big paradigm shift??,2097
How many students are enrolled in Learn Python and Django: Payment Processing?,17714
How many students are enrolled in Code your first Website using HTML & CSS: Project Learning?,9554
"How many students are enrolled in React.js: Building Production Ready Apps, Start to Finish?",1129
How many students are enrolled in Learn Object Oriented Programming PHP fundamentals bootcamp?,22213
How many students are enrolled in Javascript Intermediate level 2 - Mastering Functions?,2412
How many students are enrolled in 1 Hour CSS?,18324
"How many students are enrolled in Become a Full Stack Developer with Spring, AWS and Stripe?",1696
How many students are enrolled in Learn JavaScript for Web Development?,12893
"How many students are enrolled in Complete AJAX Using Bootstrap, PHP From Basic To Advanced.?",4708
How many students are enrolled in Build A Web App With Spring Framework and Angular 2?,1683
How many students are enrolled in Projects in Laravel: Learn Laravel Building 10 Projects?,119
How many students are enrolled in Javascript Intermediate level 3 - JSON?,1735
How many students are enrolled in Develop Your First App in an Hour?,3699
How many students are enrolled in PHP: Ultimate guide to PHP for everyone?,10103
How many students are enrolled in JavaScript DOM Dynamic Web interactive content Boot Camp?,7380
"How many students are enrolled in Master JavaScript Programming, 3 Projects Included !!?",3903
How many students are enrolled in HTML CSS Learn to create a website from scratch?,4892
How many students are enrolled in Complete Codeigniter: From Beginner to Advanced?,2786
How many students are enrolled in HTML 5: How I made websites in HTML5?,15064
"How many students are enrolled in Build Responsive Website Using HTML5, CSS3, JS And Bootstrap?",22623
How many students are enrolled in Complete React JS web developer with ES6 - Build 10 projects?,952
How many students are enrolled in Dynamic JavaScript Master Class AJAX JSON Simple APIs?,9773
How many students are enrolled in Vue JS - Mastering Web Apps?,13457
How many students are enrolled in Angular NgRx Store Masterclass - Covers Angular 4?,1399
"How many students are enrolled in Learn SVG Animation - With HTML, CSS & Javascript?",12953
"How many students are enrolled in Build a Responsive Website with HTML5, CSS3 and Bootstrap 4?",5125
How many students are enrolled in CSS Development (with CSS3!)?,25864
How many students are enrolled in Angular 2 & TypeScript Beginner Web Development?,5211
"How many students are enrolled in Beginner Full Stack Web Development: HTML, CSS, React & Node?",2687
How many students are enrolled in Learn Angular 2 Development By Building 12 Apps?,5143
"How many students are enrolled in Server API Development in Swift, Kitura, & Bluemix?",1827
How many students are enrolled in React VR - Creating Virtual Reality Apps?,5026
How many students are enrolled in RxJs & Reactive Programming Angular Masterclass - Angular 4?,1301
"How many students are enrolled in Coding for Entrepreneurs: Learn Python, Django, and More.?",23412
How many students are enrolled in The Full Stack Web Development?,3119
How many students are enrolled in Learn Nodejs by building 12 projects?,10150
How many students are enrolled in How to Make an Online Portfolio Website from Scratch ?,14026
How many students are enrolled in How To Make A Web Page With No Code?,2214
How many students are enrolled in Joomla 3 - The Basics?,19909
How many students are enrolled in jQuery in Action: Build 8 jQuery Projects?,1385
How many students are enrolled in ASP.NET C# - Enterprise Web Systems From Novice to Expert?,604
How many students are enrolled in Complete Website & CMS in PHP & MySQL From Scratch!?,3357
How many students are enrolled in Create and Deploy a Web App in 3 Hours?,4123
How many students are enrolled in HTML & CSS From Scratch in 30 Days?,2697
How many students are enrolled in Getting Started with Craft CMS?,997
How many students are enrolled in Effective Personal Website Building and Hosting?,4259
How many students are enrolled in Web Design for Web Developers: Build Beautiful Websites!?,98867
"How many students are enrolled in Learn Rails: Quickly Code, Style and Launch 4 Web Apps?",1849
How many students are enrolled in Quickstart AngularJS?,64128
How many students are enrolled in Byte-Sized-Chunks: Cascading Style Sheets (CSS) with HTML?,2160
How many students are enrolled in Learn Building Your Own Website Without Coding?,7660
How many students are enrolled in Practical Guide to Web Development?,2025
How many students are enrolled in Code a 'Coming Soon' Landing Page in Bootstrap 4?,13535
How many students are enrolled in Introduction to Bootstrap 3?,5795
How many students are enrolled in Master ExpressJS to Build Web Apps with NodeJS&JavaScript?,2643
How many students are enrolled in HTML5 CSS3 JQUERY Single Page Website Project from Scratch?,1678
How many students are enrolled in Scrape Websites using PhantomJS and CasperJS?,960
How many students are enrolled in Amazon s3 Mastery - THE How-To' Guides For Amazon S3?,1811
How many students are enrolled in EMMET Faster HTML & CSS workflow - Best Tool For Developers ?,26697
How many students are enrolled in Introduction to Web Development?,5921
How many students are enrolled in AngularJS For ASP.NET MVC Developers?,3011
How many students are enrolled in Serverless Workflow Management with AWS Step Functions?,8768
How many students are enrolled in How to set up a Web Server From Scratch to One Fully Managed?,1673
How many students are enrolled in Angular Masterclass?,4057
How many students are enrolled in Become a Professional Web Developer | Version 3.0?,6851
How many students are enrolled in Build Incredible Chatbots?,2234
How many students are enrolled in Try Django 1.10 | Create a URL Shortening Service?,9607
How many students are enrolled in Projects in CSS?,4689
How many students are enrolled in Ruby on Rails: Training and Skills to Build Web Applications?,9375
How many students are enrolled in Learn and Understand React?,4848
How many students are enrolled in Learn Javascript & JQuery From Scratch?,84897
How many students are enrolled in Learn to use JSON?,12838
How many students are enrolled in The Ultimate Web Developer How To Guide?,24861
"How many students are enrolled in Build A Complete CRUD Application With PHP, MYSQL & JQUERY?",9762
"How many students are enrolled in Mastering 'Native CSS Shapes To Build Modern Web Pages""?",1040
How many students are enrolled in PHP Fundamentals - Start Earning The Top Dollars You Deserve?,12068
How many students are enrolled in Javascript Intermediate level 1 - Mastering the DOM?,1838
How many students are enrolled in Sublime Text for Rapid Web Development?,2104
How many students are enrolled in Projects in PHP and MySQL?,10606
How many students are enrolled in React Redux React-Router: From Beginner to Paid Professional?,11536
How many students are enrolled in Django Core | A Reference Guide to Core Django Concepts?,16282
"How many students are enrolled in Build An Online Bank With Java, Angular 2, Spring and More?",1995
How many students are enrolled in Projects in AngularJS - Learn by building 10 Projects?,7146
How many students are enrolled in React JS - Build real world JS apps & deploy on cloud?,12815
How many students are enrolled in Angular 4 Front To Back?,44
"How many students are enrolled in Modern Web Development with SASS, Gulp, NPM & Web Workflows?",502
"How many students are enrolled in HTML5, CSS3 And JavaScript Fundamentals 2016?",627
"How many students are enrolled in Angular 4 - Concepts, Code and Collective Wisdom?",851
How many students are enrolled in Learn E-Commerce Website in PHP & MySQL From Scratch!?,29990
How many students are enrolled in JavaScript Game Development: Create Your Own Breakout Game?,10179
How many students are enrolled in A Very Complete Introduction To Laravel?,2320
"How many students are enrolled in Learn to code, Become a Web Developer and Master JavaScript!?",2353
How many students are enrolled in Serverless Architecture on Amazon Web Services?,13210
How many students are enrolled in jQuery Essentials: Learn the Fundamental of jQuery?,1004
How many students are enrolled in Expert Guide : Mastering Functions in JavaScript !?,3015
How many students are enrolled in Learn Angular 4 from Scratch?,8693
How many students are enrolled in Discover HTML Essential guide to HTML how to create webpages?,8711
How many students are enrolled in JavaScript Basics Web Development Building Blocks?,10179
How many students are enrolled in Bootstrap unleash the power faster & easier web development?,18101
How many students are enrolled in JavaScript Design Patterns: 20 Patterns for Expert Code?,2789
How many students are enrolled in Fix Google's New 'Not Secure' Warning with Let's Encrypt!?,1437
How many students are enrolled in Benefits of Thinking Mobile First Future of Website Design?,14254
How many students are enrolled in Javascript from Beginner to Advanced Level?,6134
How many students are enrolled in AJAX Development?,7867
How many students are enrolled in Interaction Design Specialist For Web Developers?,8594
How many students are enrolled in PHP Security?,1892
How many students are enrolled in Mastering DevOps?,1023
How many students are enrolled in Building Websites Create a fully functional Web contact form?,3392
How many students are enrolled in Create a Dynamic User Registration Form from scratch?,7213
How many students are enrolled in HTML Workshop?,25854
How many students are enrolled in Creating Animations using HTML5 Canvas?,4010
How many students are enrolled in Bootstrap 4: Exploring New Features?,5022
How many students are enrolled in Intro to Git?,2532
How many students are enrolled in Learn How to Manage & Customize Web Sites By Drupal CMS?,7741
How many students are enrolled in Using Modern JavaScript Today?,1658
How many students are enrolled in Up and Running with jQuery?,3324
How many students are enrolled in Learn How To Build A Professional Web Site By Using Joomla?,7184
How many students are enrolled in Power up HTML5 with JavaScript?,4442
How many students are enrolled in JavaScript 2017: Become Top Rated Web Developer?,1346
How many students are enrolled in The Complete Web Developer Bootcamp - Beginner to Expert?,14103
How many students are enrolled in Full-Stack Web Apps with Meteor and React?,3295
How many students are enrolled in Angular 4: From Theory to Practice & FREE E-Book?,4375
How many students are enrolled in Become a Certified Web Developer?,26673
How many students are enrolled in Become a Web Developer from Scratch?,69186
How many students are enrolled in Ultimate Angular 4 (previously Angular 2) with Bootstrap 4?,11384
How many students are enrolled in The Ultimate Beginner's Guide to Django?,2390
How many students are enrolled in React JS - Mastering Redux?,7059
How many students are enrolled in Professional Ruby on Rails Developer with Rails 5?,3179
"How many students are enrolled in Ruby on Rails 5 - BDD, RSpec and Capybara?",1870
How many students are enrolled in Back to School Web Development and Programming Bundle?,18170
How many students are enrolled in Complete ASP NET MVC Web Development - Newbie to Ninja!?,6073
How many students are enrolled in All about NodeJS?,8755
How many students are enrolled in Build a complete Fiverr clone with Node + Algolia + Paypal?,1741
How many students are enrolled in React From The Ground Up?,3252
How many students are enrolled in 8 Beautiful Ruby on Rails Apps in 30 Days & TDD - Immersive ?,5962
How many students are enrolled in Mastering ASP.NET MVC 5 From Scratch Using C#?,417
How many students are enrolled in Start Web Development with GIS Map in JavaScript?,1599
How many students are enrolled in Learn to Build Websites using Twitter Bootstrap?,15134
How many students are enrolled in Web Development Tools the Pros Use: Code Productivity Hacks?,2596
How many students are enrolled in Create Startup Landing Page with Viral Marketing Strategies?,12974
How many students are enrolled in JavaScript : JavaScript Awesomeness?,785
How many students are enrolled in Mastering CSS 3.0 Selectors?,4115
How many students are enrolled in Learn HTML and CSS to make a Website?,1154
How many students are enrolled in 1 Hour HTML?,16212
How many students are enrolled in Boost your website speed without any coding!?,1337
How many students are enrolled in Professional Rails Code Along?,1469
How many students are enrolled in ASP.NET Web API 2 Hands-On?,2660
How many students are enrolled in Angular 2 From The Ground Up?,1737
How many students are enrolled in WP Plugin Development - Build your own plugin!?,5439
How many students are enrolled in Sass: From Beginner to Advanced?,8059
"How many students are enrolled in Essential JavaScript, jQuery and AngularJS Training?",2919
How many students are enrolled in The Pro Ruby on Rails Starter?,2409
How many students are enrolled in Unit Testing AngularJS: Build Bugfree Apps That Always Work!?,2083
How many students are enrolled in Introduction to HTML5 Canvas basics of drawing?,2918
How many students are enrolled in PHP & MySQL - Learn The Easy Way. Master PHP & MySQL Quickly?,5549
How many students are enrolled in Learning Path: Magento: Master and Test Magento 2 with Ease?,155
How many students are enrolled in Ruby On Rails For Web Development?,2526
How many students are enrolled in Become A Web Developer And Seller - Build Websites With HTML?,21730
How many students are enrolled in HTML5 Specialist: Comprehensive HTML5 Training?,1385
How many students are enrolled in Build a Complete JQuery Plugin (Image Pop-up Dialog)?,1126
How many students are enrolled in How to create HTML Forms?,3652
How many students are enrolled in ReactJS and Flux: Learn By Building 10 Projects?,1723
How many students are enrolled in How To Make A Business Website In 1 Day With Wix FAST & EASY?,3759
How many students are enrolled in Start Your Own Forum Website in 15 Minutes ?,5387
How many students are enrolled in Hit the ground running with AngularJS with Dion Yang?,4563
How many students are enrolled in Learn CSS Transition and Animation ?,3757
How many students are enrolled in Learn JavaScript from scratch?,4193
How many students are enrolled in RESTful API with Laravel?,1905
How many students are enrolled in Shopping Cart Website from Scratch Ecommerce?,633
How many students are enrolled in Learn By Example: Angular JS?,1515
How many students are enrolled in The Complete front end web developer Bootcamp - 14 projects?,900
How many students are enrolled in Create An HTML5 Video Player From Scratch?,32260
How many students are enrolled in In Depth Web Development Made Easy?,3249
How many students are enrolled in Web Development By Doing: HTML / CSS From Scratch?,72932
How many students are enrolled in Build Your First Website in 1 Week with HTML5 and CSS3?,120291
"How many students are enrolled in ASP.NET Core MVC, Quick and Practical?",387
How many students are enrolled in Better way towards CSS using Less and Sass?,2227
How many students are enrolled in Creating a Responsive HTML Email?,2520
How many students are enrolled in Angular 2 Demystified?,3150
How many students are enrolled in Learn HTML Fast and Easy!?,4011
How many students are enrolled in How To Setup a Micro-Blog in 3 Easy Steps?,6937
How many students are enrolled in ASP NET CORE - ANGULAR 2 E-Commerce App?,897
How many students are enrolled in Become a Heroku Rails Ninja: Expert Level Deployment Tools?,7090
How many students are enrolled in Complete RESPONSIVE Website Design with HTML5 & CSS3?,2204
How many students are enrolled in Pimcore Developer: Implement a Blog from a Bootstrap Theme?,1212
How many students are enrolled in Inspirational Web Development - A Beginner Approach -?,5328
"How many students are enrolled in Learn HTML, A practical guide from scratch to HTML 5?",5715
How many students are enrolled in Website Secrets: Get a Gorgeous Website on the Cheap?,12328
"How many students are enrolled in Build Realtime Apps | React Js, Golang & RethinkDB?",3854
"How many students are enrolled in Master Electron: Desktop Apps using HTML, JavaScript & CSS?",1902
How many students are enrolled in The Complete Web Developer Masterclass: Beginner To Advanced?,37141
How many students are enrolled in Mastering Micro Services Using Java Spring Boot?,1649
How many students are enrolled in Projects in MongoDB - Learn MongoDB Building Projects?,4628
"How many students are enrolled in Build Modern Responsive Website With HTML5, CSS3 & Bootstrap?",1472
How many students are enrolled in Email Marketing: Send Unlimited Emails via Own Mail Server?,3539
How many students are enrolled in Getting started with JavaScript?,1415
How many students are enrolled in Learn the basics of the Web development: Coding Tactics?,2965
How many students are enrolled in RESTful API with Laravel 5.4: Definitive Guide?,655
How many students are enrolled in Learn AngularJS Step By Step?,18777
How many students are enrolled in Learn React : The World's Most Lucrative JavaScript Library?,1591
How many students are enrolled in Master Regular Expressions from scratch - All languages?,1925
How many students are enrolled in Try AngularJS: Beginner's Guide to Front End Web Development?,16926
How many students are enrolled in JavaScript Step by Step how to apply it to your web pages?,13406
How many students are enrolled in Learn Web Scraping with Node.js?,16731
How many students are enrolled in Learn HTML5 Programming From Scratch?,268923
How many students are enrolled in Master ECMAScript 2015 (ES6)?,7438
How many students are enrolled in Learn to Setup Websites from Scratch?,21087
How many students are enrolled in Create Fast RESTful APIs with Lumen and Homestead by Laravel?,1157
"How many students are enrolled in Build Modern Websites Quick With HTML,CSS and Bootstrap?",912
How many students are enrolled in Twitter Integration customize Tweets with developer API?,2039
How many students are enrolled in Build a Responsive Website with a Modern Flat Design?,16527
How many students are enrolled in Master the Basics of HTML5 & CSS3: Beginner Web Development?,26541
How many students are enrolled in Become A Full Stack Web Developer in 14 Days?,467
How many students are enrolled in Beginning Web development Learn the basics of HTML?,9832
How many students are enrolled in Step by Step Build Your Template by Bootstrap 4 from scratch?,2184
How many students are enrolled in Hosting your static website on Amazon AWS S3 service?,2853
How many students are enrolled in JavaScript Rockstar How to create Incredible Useful code?,16590
How many students are enrolled in Spring Core DevOps on AWS?,1626
How many students are enrolled in PHP Graphic Techniques: CAPTCHA/ Create a verification code?,8320
How many students are enrolled in Introductory To HTML and CSS?,4106
How many students are enrolled in Learn how to convert PSD to HTML and CSS responsive?,5324
How many students are enrolled in PHP User Login Registration Script With All Features?,5603
How many students are enrolled in AJAX : Let's build a COOL project?,4183
How many students are enrolled in Laravel Homestead?,3883
How many students are enrolled in The Complete TypeScript Programming Guide for Web Developers?,236
How many students are enrolled in JavaScript with BackboneJS and Bootstrap CSS - Advanced?,1758
How many students are enrolled in Learn HTML Basics From Scratch?,5004
How many students are enrolled in Byte-Sized-Chunks: Dynamic Prototypes in Javascript?,880
How many students are enrolled in Build Websites from Scratch with Squarespace?,342
How many students are enrolled in Introduction to web programming for GIS applications?,205
How many students are enrolled in Java Spring Security?,527
How many students are enrolled in Responsive Html5 Theme Development?,1517
How many students are enrolled in What’s New in Bootstrap 4?,130
How many students are enrolled in Building a Ruby on Rails Application with Neo4j?,4830
How many students are enrolled in Sara Learns to Code. Making an App from Scratch?,402
How many students are enrolled in Django by Example?,170
How many students are enrolled in Mastering TypeScript?,353
How many students are enrolled in Mastering AngularJS UI Development?,464
How many students are enrolled in Create a PHP Contact Form in Bootstrap?,2238
How many students are enrolled in Introduction To Data Analytics Using Microsoft Power BI?,1764
How many students are enrolled in Website Builder Software Previews?,1406
How many students are enrolled in Learn How to Create Your Own Social Network?,4732
"How many students are enrolled in Learn By Example: The Foundations of HTML, CSS & Javascript?",1724
How many students are enrolled in JavaScript manipulation of the DOM Document Object Model?,1618
How many students are enrolled in Create Jekyll blog and host it on Github like a Ninja?,5056
How many students are enrolled in Learn React JS from scratch?,1562
How many students are enrolled in Web Security: Common Vulnerabilities And Their Mitigation?,1547
How many students are enrolled in Make a professional website - 30 Day Guarantee. Discounted!?,11167
How many students are enrolled in Symfony 3: Build a PHP Application with Symfony?,466
How many students are enrolled in Learn ASP.Net Web API 2 for Absolute Beginner?,1355
How many students are enrolled in Build a Website in 30 Minutes?,5065
How many students are enrolled in Google Blogger : How to Create a Blog?,1763
How many students are enrolled in Learn WCF And Web APIs From Scratch?,5398
How many students are enrolled in How To Build A Website From Scratch + Blogging Blueprint?,7017
How many students are enrolled in Learn To Create Different Website Layouts & Media Queries ?,6510
How many students are enrolled in Build Sign Up and Login Forms With Bootstrap Modal?,1898
"How many students are enrolled in Build a Real Time web app in node.js , Angular.js, mongoDB?",3299
How many students are enrolled in How To Build A Facebook Messenger Chat Bot From Scratch?,1798
"How many students are enrolled in Build Your Own Calculator App with Javascript, HTML5 & CSS?",3688
How many students are enrolled in HTML CSS Easy steps to create a web template from scratch?,11574
How many students are enrolled in Learn jQuery AJAX in 1 hour?,2547
How many students are enrolled in Get Results - Core Principles of Web Development Tricks Tips?,22355
How many students are enrolled in JSON Faster Sleeker & Easier Discover the benefits learn it?,8577
How many students are enrolled in Get to know HTML Learn HTML Basics?,10674
How many students are enrolled in Ultimate Css & JQuery Form Designing From Beginner to Expert?,783
How many students are enrolled in PHP: Complete Registration and Login with Email Verification?,12781
How many students are enrolled in JavaScript from Beginner to Expert?,5484
How many students are enrolled in Learn Ruby on Rails: Stripe Payment Processing?,15724
How many students are enrolled in PHP Essential How to create build Amazing websites with PHP?,8067
How many students are enrolled in HTML CSS JavaScript: Most popular ways to code HTML CSS JS?,9332
How many students are enrolled in Introduction to Coding with Ruby?,5077
How many students are enrolled in Angular JS Essentials?,4687
How many students are enrolled in How To Setup Web Hosting?,11758
"How many students are enrolled in Web Application Development using Redis, Express, and Socket?",300
How many students are enrolled in CSS3 Gradients for Web Designers?,1209
How many students are enrolled in Learn ASP NET MVC 5 step by step?,1428
How many students are enrolled in Tumult Hype Pro Basics: HTML5 Animations Made Easier?,716
How many students are enrolled in Ruby on Rails 4---A Test-Driven Approach?,1518
How many students are enrolled in Let's JavaScript! Code a calculator?,380
How many students are enrolled in JavaScript from Beginner to Advanced?,395
How many students are enrolled in Building a eCommerce Startup in 4 Hours [Livestream]?,1114
How many students are enrolled in Responsive PHP Registration Form: From Scratch?,5738
How many students are enrolled in Learn Bootstrap And Make Responsive Websites?,1605
How many students are enrolled in Bootstrap Basics: Program Responsive Websites?,4743
How many students are enrolled in Projects with JSON and APIs?,1520
How many students are enrolled in Web Design HTML CSS How to Create a Website from Scratch?,3601
"How many students are enrolled in Create Complete Sign up System using PHP, jQuery and Ajax?",4033
How many students are enrolled in Devtools 2017: Beginner to Expert w/ Chrome Developer Tools?,430
How many students are enrolled in Bootstrap Essential Training - Create Your Very Own Website?,2643
How many students are enrolled in Angular 2 Jump Start With Typescript?,1731
"How many students are enrolled in Build Your Startup with No Coding (Design, Develop & Ship)?",775
How many students are enrolled in The Web Developers Guide: Learn HTML & CSS Fundamentals?,2243
How many students are enrolled in Learn Drupal 8 - With a Live Project?,2012
How many students are enrolled in Become a Bootstrap Expert: Build 20 Layouts!?,2755
How many students are enrolled in PHP : Learn to upload files to Amazon S3 and use CloudFront?,1216
How many students are enrolled in PHP MySQL: Learn PHP MySQL with Project?,2314
How many students are enrolled in Projects in Django and Python?,1764
"How many students are enrolled in Create, Update and Manage Your Own Website Using Drupal 7?",2837
How many students are enrolled in Learn HTML - The programming language to build a webpage!?,1655
How many students are enrolled in Learn To Program JavaScript (in ten easy steps)?,2721
How many students are enrolled in Introduction to CSS Development?,15493
How many students are enrolled in Beginning Oracle WebLogic for Administrators?,9786
How many students are enrolled in Build an HTML5 and CSS3 Website in 35 Minutes?,1904
How many students are enrolled in Angular 2 Routing: Up And Running?,3357
How many students are enrolled in Advanced Prezi: Make Amazing Presentations ?,2200
How many students are enrolled in 1 hour jQuery?,5456
How many students are enrolled in Learn SASS: from beginner to expert?,1734
How many students are enrolled in Create a Responsive Website with Bootstrap 3?,4076
How many students are enrolled in Lerning PHP by building website?,567
How many students are enrolled in Learn PHP Object Oriented Features with Simple Examples?,1723
How many students are enrolled in CSSCasts; CSS libraries Plugins Tips & Tricks for Developers?,1874
How many students are enrolled in Complete Guide to Front-End Web Development and Design?,1119
"How many students are enrolled in Build Ajax Web Apps with Laravel 5.2, Bootstrap and jQuery?",1023
How many students are enrolled in MongooseJS Essentials - Learn MongoDB for Node.js?,21682
How many students are enrolled in Learn Redis from Scratch?,553
How many students are enrolled in Learn Ajax and jquery with PHP?,2964
How many students are enrolled in Understand PHP Arrays and HTTP Request in a Better Way?,1627
How many students are enrolled in Mastering CSS?,1815
How many students are enrolled in Learn Jquery from Scratch 2-Hour Training ?,5318
How many students are enrolled in Learn PHP CodeIgniter Framework with AJAX and Bootstrap?,1634
How many students are enrolled in The Complete Guide to JavaScript Development?,3590
How many students are enrolled in Basic HTML CSS and Web Design?,4030
How many students are enrolled in Code & Grow Rich: Earn More As An Entrepreneur Or Developer?,7211
How many students are enrolled in Learn by Example : ReactJS?,1496
How many students are enrolled in React.js Quickly: Developing Scalable Web User Interfaces?,4447
How many students are enrolled in JavaScript - Tricks and Workarounds?,1410
How many students are enrolled in Kids Coding - Beginner HTML?,6628
How many students are enrolled in Learn PHP from scratch!!?,1908
How many students are enrolled in Bootstrap 3 Introduction : Create RESPONSIVE Websites Fast?,2351
How many students are enrolled in Learn Laravel PHP Framework Building Multi User SEO Blog APP?,557
How many students are enrolled in Javascript Specialist?,408
How many students are enrolled in Write PHP Like a Pro: Build a PHP MVC Framework From Scratch?,1703
How many students are enrolled in JavaScript Intro to learning JavaScript web programming?,17554
"How many students are enrolled in Laravel, the complete guide with real world projects?",676
How many students are enrolled in VueJS V1 Introduction to VueJS JavaScript Framework?,3632
How many students are enrolled in HTML CSS: Essential steps to learn HTML CSS?,10576
How many students are enrolled in Learn HTML 5 in 1 hour?,11643
How many students are enrolled in Learn Html5 & CSS3 from scratch?,13960
How many students are enrolled in Responsive Web Design: Made Easy?,5085
How many students are enrolled in Parse Server: From Front End to Full Stack?,1130
How many students are enrolled in Codeigniter: How to use Codeigniter that drives knowledge?,14606
How many students are enrolled in How to Build Chat Bots: From Beginner to Intermediate?,2814
How many students are enrolled in Web Development with BootStrap - 16 Instant Themes Included!?,1355
How many students are enrolled in Coding for Entrepreneurs Basic?,161029
How many students are enrolled in Learn By Example: PHP For Dynamic Websites?,1439
How many students are enrolled in Learn ReactJS: Code Like A Facebook Developer?,1948
How many students are enrolled in Learn to Build Web Apps using D3JS?,841
How many students are enrolled in How to create awesome website and e-commerce in 1 hour?,937
How many students are enrolled in Learning Drupal 8?,577
How many students are enrolled in Learn How To Build a Web Application Without Coding?,9364
How many students are enrolled in Mastering JavaScript?,694
How many students are enrolled in PHP Laravel 5:Creating a CRUD application?,511
How many students are enrolled in PHP Development with the Laravel Framework?,1611
How many students are enrolled in Basic JavaScript: Build 4 Basic JavaScript Projects?,670
How many students are enrolled in HTML and CSS for Beginning Web Developers?,1606
How many students are enrolled in Popular JavaScript Framework:Learn The Language Of Angular 2?,260
How many students are enrolled in You can create Incredible Websites with HTML CSS learn how?,11892
How many students are enrolled in JavaScript Tricks how to create code projects from scratch?,15106
How many students are enrolled in Web Design How to Create a Website HTML CSS Bootstrap?,5263
How many students are enrolled in Master Angular 4 by Example - Build 7 Awesome Apps!?,596
How many students are enrolled in Mastering HTML5 Programming - The Easier Way?,21653
How many students are enrolled in How to Launch Your Own Website Builder Service?,9028
How many students are enrolled in Getting Started with HTML?,7375
How many students are enrolled in Spring Framework 4 (Java Enterprise JEE) with AngularJS?,5177
How many students are enrolled in Build A Weather App With Ajax Using Open Weather Map API?,6548
How many students are enrolled in Essentials of JavaScript Practice Coding Exercises Tips?,28125
How many students are enrolled in Learn and Earn with HTML & CSS?,9349
How many students are enrolled in Get started Creating Websites Everything you need provided?,14260
How many students are enrolled in JavaScript in Action JavaScript Projects?,7720
How many students are enrolled in Modern Web Development with Laravel 5.2 (PHP Framework)?,2142
How many students are enrolled in Programming for Entrepreneurs - JavaScript?,12873
How many students are enrolled in Create a Website from Scratch using HTML CSS step by step?,12882
How many students are enrolled in Bootstrap 4 Theme Development Masterclass?,2641
How many students are enrolled in Web Design Creating websites from scratch?,13920
How many students are enrolled in HTML Learning the Basics Intro to HTML website coding?,7416
How many students are enrolled in Learn how to use Javascript Components with PHP and Symfony?,1822
How many students are enrolled in So you think you know JavaScript??,1010
How many students are enrolled in JavaScript for Beginning Web Developers?,7785
How many students are enrolled in JQuery Create Overlay Popups from scratch using Jquery?,4407
How many students are enrolled in Vue JS 2: From Beginner to Professional?,602
How many students are enrolled in Ultimate AngularJS: Build a Real-World App from Scratch?,1712
How many students are enrolled in Create Single Page Website using Twitter Bootstrap 3?,7449
How many students are enrolled in AngularJS for the Real World - Learn by creating a WebApp?,1407
How many students are enrolled in Create a REAL Social Network like Facebook in PHP + MySQL?,1002
How many students are enrolled in Advanced Node.js Development?,2565
How many students are enrolled in ASP.NET MVC 5 Project - Facebook Clone?,210
How many students are enrolled in JavaScript Basics For Web Developers?,958
How many students are enrolled in Learn PHP from Scratch?,1550
How many students are enrolled in Learn Express?,1309
"How many students are enrolled in Build A Web App with VueJS, Spring Framework and MongoDB?",251
How many students are enrolled in Zend Framework 2: Learn the PHP framework ZF2 from scratch?,723
How many students are enrolled in Improved SEO with Rich Snippets and MicroData?,11026
How many students are enrolled in Become a HTML and CSS Developer - Build a Responsive Site?,3894
How many students are enrolled in CSS Specialist: Comprehensive CSS Training?,487
How many students are enrolled in Introduction to Laravel 4?,9110
How many students are enrolled in Introduction to Elm?,1519
How many students are enrolled in Learn to Freelance with People Per hour (URDU)?,948
How many students are enrolled in Amazon Alexa Development: From Beginner to Intermediate?,1858
How many students are enrolled in Learn JSON with JavaScript Objects and APIs in 1 hour?,3619
How many students are enrolled in 1 Hour JavaScript?,22999
How many students are enrolled in Building An E-Commerce Store Using Java Spring Framework?,2743
How many students are enrolled in Typescript Masterclass & FREE E-Book?,1229
How many students are enrolled in JavaScript - Become Higly Paid Front End Developer?,710
How many students are enrolled in Object Oriented Programming (OOP) in PHP - Build An OOP Site?,6588
How many students are enrolled in Django + AngularJS for a Powerful Web Application?,4463
How many students are enrolled in Web Development Essential Skills - Complete HTML and CSS?,1388
How many students are enrolled in Byte-Sized-Chunks: Closures in Javascript?,1292
How many students are enrolled in Laravel Account Activation Project?,1147
How many students are enrolled in Mastering the Google Chrome Developer Tools?,2002
How many students are enrolled in Kali Linux Web App Testing?,876
How many students are enrolled in Learn Ruby Programming The Easy Way - Lite?,1186
"How many students are enrolled in Web Scraping with Python, Ruby & import. io?",973
How many students are enrolled in Sending email with PHP: from Basic to Advanced?,379
How many students are enrolled in Learn to make websites with Google's Material Design Lite?,1063
How many students are enrolled in Joomla 3 : Develop a Professional Website in 3 Simple Steps!?,1309
How many students are enrolled in Ethereum Developer: Build A Decentralised Blockchain App?,3169
How many students are enrolled in Angular 2 + Rails 5 Bootcamp?,1967
How many students are enrolled in Javascript - From Beginner to Pro-Build real world JS apps?,28694
How many students are enrolled in Redux in Angular (2 and 4+)?,909
How many students are enrolled in The complete JavaScript developer: MEAN stack zero-to-hero?,4820
How many students are enrolled in Running a Web Development Business: The Complete Guide?,24575
How many students are enrolled in Projects In JavaScript & JQuery?,9109
How many students are enrolled in Learn To Build Beautiful HTML5 And CSS3 Websites In 1 Month?,18818
"How many students are enrolled in Full stack Universal React with Redux, Node js and MongoDB?",1121
How many students are enrolled in Creating an MP3 Player with HTML5?,14551
How many students are enrolled in Be a Bootstrap Developer from scratch?,5800
How many students are enrolled in Learn Coding as RF or Telecom Engineer - Build Real Program?,1006
How many students are enrolled in Creating FaceBook Design Using Bootstrap - Handson Project?,4616
How many students are enrolled in Building HTML5 Canvas projects from scratch?,8968
How many students are enrolled in Learn How To Become a Web Developer From Scratch?,7062
"How many students are enrolled in Earn Big Profits With Web Development, Simple and Easy!?",3073
How many students are enrolled in BDD with Ruby on Rails using RSpec 3 and Capybara?,2706
How many students are enrolled in Learn By Example: jQuery?,1702
How many students are enrolled in Professional Python Web Development Using Flask?,3420
How many students are enrolled in Voiceover Audio Secrets - Your Way to Top Audio Quality?,918
How many students are enrolled in jQuery UI In Depth?,1520
How many students are enrolled in Codeless Website Development with Adobe Muse?,461
How many students are enrolled in Learn To Build A Google Map App Using Angular 2?,116
How many students are enrolled in Learn Reactivex From Ground Up?,207
How many students are enrolled in Learn HTML in 59 Minutes - Your intro to front-end dev?,333
How many students are enrolled in Supercharging Development With Atom Text Editor?,644
How many students are enrolled in Master WCF 4.0 From Scratch Using C#?,415
How many students are enrolled in Critical Web Dev Skills & Tools for the Non-Tech Hustler?,3118
How many students are enrolled in Java Web Services Part 2?,959
How many students are enrolled in Master the MEAN Stack - Learn By Example?,25799
How many students are enrolled in First Web Application with Spring Boot?,2865
How many students are enrolled in HTML5 and CSS3: Learn Web Design with HTML + CSS + Bootstrap?,346
How many students are enrolled in AngularJS Custom Directives with Dan Wahlin?,4128
How many students are enrolled in Angular 2+ with Typescript - Essential Training?,29348
How many students are enrolled in Learn Angular 2 from Beginner to Advanced?,32696
How many students are enrolled in HTML5 and CSS3 : Landing Pages for Entrepreneurs 2016?,2354
How many students are enrolled in Learning Docker and Kubernetes by Lab?,586
How many students are enrolled in Projects in ExpressJS - Learn ExpressJs building 10 projects?,1949
How many students are enrolled in Bootstrap 4.0 New Features: Build Responsive Website?,2296
How many students are enrolled in ASP.NET MVC 5 Project - CMS and Shopping Cart with Paypal?,550
How many students are enrolled in Professional RESTful API Design using Python Flask?,578
How many students are enrolled in Comprehensive JavaScript Programming?,6760
How many students are enrolled in Try Django 1.9 | Build a Blog and Learn Python's #1 Library?,7407
How many students are enrolled in Accelerated ES6 JavaScript Training?,5811
How many students are enrolled in AWS Serverless APIs & Apps - A Complete Introduction?,2145
How many students are enrolled in Python and Django Full Stack Web Developer Bootcamp?,11832
How many students are enrolled in The Complete Elixir and Phoenix Bootcamp?,5279
How many students are enrolled in Build a Real-world App with ASP.NET Core and Angular 2 (4+)?,5332
How many students are enrolled in REST APIs with Flask and Python?,5151
How many students are enrolled in Angular 4 (formerly Angular 2) - The Complete Guide?,73783
How many students are enrolled in Build Websites from Scratch with HTML & CSS?,51257
How many students are enrolled in The Professional Ruby on Rails Developer?,17334
How many students are enrolled in Docker Technologies for DevOps and Developers?,19210
How many students are enrolled in JSON in Action: Build JSON-Based Applications?,1322
How many students are enrolled in Learn Ruby Programming The Easy Way?,3485
How many students are enrolled in Learn OAuth 2.0 - Get started as an API Security Expert?,2185
How many students are enrolled in AngularJS For .Net Developers From Scratch?,2494
"How many students are enrolled in Jekyll: make fast, secure static sites and blogs with Jekyll?",2091
How many students are enrolled in Hosting Django: Amazon Web Services (AWS) Fundamentals?,2573
How many students are enrolled in Angular Advanced MasterClass & FREE E-Book?,228
How many students are enrolled in Learn Responsive Web Development from Scratch?,59639
How many students are enrolled in The Complete Developers Guide to MongoDB?,10945
How many students are enrolled in Electron for Desktop Apps: The Complete Developer's Guide?,2606
How many students are enrolled in Vue JS 2 - The Complete Guide (incl. Vue Router & Vuex)?,17671
"How many students are enrolled in React JS, Angular & Vue JS - Quickstart & Comparison?",2273
How many students are enrolled in Angular (Angular 2 or 4) & NodeJS - The MEAN Stack Guide?,17297
How many students are enrolled in Meteor and React for Realtime Apps?,6527
How many students are enrolled in The Web Developer Bootcamp?,121584
How many students are enrolled in AngularJS JumpStart with Dan Wahlin?,17802
How many students are enrolled in ExpressJS Fundamentals?,21245
How many students are enrolled in REST WCF Service in ASP.NET?,7905
How many students are enrolled in Projects in Node.js - Learn by Example?,869
How many students are enrolled in Building Data Visualizations with D3 and Angular 2?,293
How many students are enrolled in Learn Object Oriented PHP By Building a Complete Website?,36322
How many students are enrolled in Learn Spring Framework Practically - Hands On Recipies?,522
How many students are enrolled in One-stop Ruby on Rails: Build Web Applications from Scratch?,1628
How many students are enrolled in Learn what's new in PHP 7?,12336
"How many students are enrolled in Basic Concepts of Web Development, HTTP and Java Servlets?",2797
How many students are enrolled in Learn and Understand AngularJS?,59361
How many students are enrolled in JavaScript: Understanding the Weird Parts?,79612
How many students are enrolled in Webpack 2: The Complete Developer's Guide?,8964
How many students are enrolled in Build Responsive Real World Websites with HTML5 and CSS3?,43977
How many students are enrolled in ES6 Javascript: The Complete Developer's Guide?,13010
How many students are enrolled in Learn and Understand NodeJS?,58208
How many students are enrolled in Understanding TypeScript?,9132
How many students are enrolled in Advanced React and Redux?,21998
How many students are enrolled in Modern React with Redux?,50815
How many students are enrolled in Angular Styling & Animations (for Angular 2 and Angular 4)?,4138
How many students are enrolled in GraphQL with React: The Complete Developers Guide?,6412
"How many students are enrolled in Create a Simple Photo Gallery with Dropzonejs, Slick and PHP?",2464
How many students are enrolled in Create an Engaging Website with Twitter Bootstrap 2.x?,1463
How many students are enrolled in HTML5 And CSS3 - Build Modern Responsive Websites?,109
How many students are enrolled in PSD to HTML5/CSS3 using Twitter Bootstrap 3! ?,2073
How many students are enrolled in Web Development: Make A Website That Will Sell For Thousands?,1116
How many students are enrolled in PHP Zend Framework 2:Creating a CRUD Application?,802
How many students are enrolled in JavaScript Fundamentals?,4409
How many students are enrolled in Building a Website With Jekyll?,686
How many students are enrolled in Big Data and Apache Hadoop for Developers - Fundamentals?,1154
How many students are enrolled in RESTful Services with ASP.NET Web API?,716
How many students are enrolled in Web Hosting Fundamentals?,1867
How many students are enrolled in Learning Path: React: Make Stunning React Websites?,91
How many students are enrolled in Administering Microsoft SQL Server 2012 Databases - 70-462?,586
How many students are enrolled in PHP CodeIgniter:CRUD concepts in MVC?,601
How many students are enrolled in Adobe Experience Manager CMS Basics?,81
How many students are enrolled in PHP: Complete Login and Registration System with PHP & MYSQL?,1448
How many students are enrolled in JavaScript Complete Guide to learning JavaScript?,1296
How many students are enrolled in Advanced Scalable Python Web Development Using Flask?,1299
How many students are enrolled in Cross-Platform Development with ASP.NET Core 1.0 MVC?,601
How many students are enrolled in Build a Photo Blog with Ruby on Rails?,2281
How many students are enrolled in Practical PHP: Master the Basics and Code Dynamic Websites?,83737
How many students are enrolled in Sass Workflow?,20890
How many students are enrolled in Learn PHP Fundamentals From Scratch?,48650
How many students are enrolled in Joomla: Create a Joomla Website This Weekend With NO CODING!?,18496
How many students are enrolled in Laravel Deployment - Launch your Laravel Application Online?,4905
How many students are enrolled in Learn to Build Web Apps using Laravel Framework?,746
How many students are enrolled in Flexbox: The complete guide?,189
How many students are enrolled in Learn SASS and improve your CSS?,1849
"How many students are enrolled in JavaScript, jQuery and Ajax?",1554
How many students are enrolled in Laravel Blog Development Starter?,4499
How many students are enrolled in React: Learn ReactJS Fundamentals for Front-End Developers?,1993
How many students are enrolled in Introduction to Modern Programming with PHP?,954
How many students are enrolled in Learn HTML & CSS: How To Start Your Web Development Career?,15462
How many students are enrolled in React vs Angular vs Vue.js by Example?,6958
How many students are enrolled in Build and Deploy a LAMP server on AWS?,3571
How many students are enrolled in AngularJS Authentication: Secure Your App with Auth0?,21689
How many students are enrolled in Learn Bootstrap 4 by Example?,5542
How many students are enrolled in Docker for Developers - Newest Version 1.12 with Swarm Mode?,767
How many students are enrolled in Angular Material - Quickstart?,3766
"How many students are enrolled in Core: A Web App Reference Guide for Django, Python, and More?",2497
"How many students are enrolled in JSON with Java APIs, jQuery and JSON REST Web Services?",799
How many students are enrolled in Bootstrap 4 Quick Start: Code Modern Responsive Websites?,41478
How many students are enrolled in Learn Symfony 3 framework by practical examples?,867
"How many students are enrolled in Complete Web Development with HTML, CSS and Javascript?",2097
How many students are enrolled in Web Hosting Introduction: How to Publish Your Website Online?,5533
How many students are enrolled in Introduction to QGIS Python Programming?,197
How many students are enrolled in Learning Object-Oriented JavaScript?,533
How many students are enrolled in Learn Bootstrap3 With Multi Purposes Single Page Layout?,4503
How many students are enrolled in Learn to make an HTML 5 website with a video background?,1236
How many students are enrolled in Learn Authentication With ASP.NET Identity Security 2017?,305
How many students are enrolled in HTML and CSS Foundations?,1544
How many students are enrolled in Python Web Programming?,1020
How many students are enrolled in Build a Complete Registration and Login System using PHP MVC?,325
How many students are enrolled in React for visual learners?,659
How many students are enrolled in Learn to Create Advance Responsive Websites With Bootstrap?,2528
How many students are enrolled in Master the Art of Web Design with HTML & CSS?,550
How many students are enrolled in Implementing a Data Warehouse with SQL Server 2012 ?,1142
How many students are enrolled in Learning 200 jQuery Functions with 800 Examples?,1766
How many students are enrolled in Create Complete Web Applications easily with APEX 5?,912
"How many students are enrolled in Learn Gulp, The Streaming Build System?",1305
How many students are enrolled in Create a classified website in 2 hours - guaranteed?,3411
How many students are enrolled in Learn HTML And CSS From Scratch?,11533
How many students are enrolled in Become a Certified Web Developer - Beginner to Expert?,3397
How many students are enrolled in Up and Running with Phalcon?,715
How many students are enrolled in HTML : HTML Awesomeness?,988
How many students are enrolled in Build CRUD Application - PHP & Mysql?,4405
How many students are enrolled in All You Need To Know About AngularJS - Training On AngularJS?,1936
How many students are enrolled in PSD To a Creative Landing Page Using Twitter Bootstrap 3?,11666
How many students are enrolled in Ready for Production with Spring Boot Actuator?,361
How many students are enrolled in Learning Path: Akka: Building Applications and Microservices?,88
How many students are enrolled in Set up a localhost Web Server for Faster Website Development?,55
How many students are enrolled in Mastering Meteor: Reactive Full Stack JavaScript?,494
How many students are enrolled in Build a file hosting/sharing site in less than 2 hours ?,976
How many students are enrolled in Introduction to Java Programming for Online Learners?,1586
How many students are enrolled in Create full featured Landing Page in Ruby on Rails in 3 hour?,1550
How many students are enrolled in Create a Professional Website Without Programming/Coding?,5421
How many students are enrolled in How to Build an Autocomplete System Like Google?,255
How many students are enrolled in Master EmberJS : Learn Ember JS From Scratch?,707
How many students are enrolled in Learn Top Ten PHP FrameWorks By Building Projects?,1007
How many students are enrolled in Build Websites And Apps By Outsourcing?,2299
How many students are enrolled in Learning Path: Web Applications with Spring and Angular?,19
How many students are enrolled in Learn Ruby on Rails By Building Projects?,1736
How many students are enrolled in Canvas image Creator HTML5 JavaScript project from Scratch?,2195
How many students are enrolled in Javascript Essentials?,47062
How many students are enrolled in Devtools 2017: The Basics of Chrome Developer Tools?,4569
How many students are enrolled in Chrome Extensions : Develop 5 chrome extensions from scratch?,3655
How many students are enrolled in Advance Unix : File Processing: AWK | SED | GREP | CUT | VIM?,578
How many students are enrolled in PHP Specialist (2017 Edition)?,197
How many students are enrolled in Python Programming: Create an Digital Marketplace in Django?,4198
How many students are enrolled in Create Ajax Chat App with PHP & Mysql?,540
How many students are enrolled in Mastering Thymeleaf with Spring?,942
How many students are enrolled in Learn Rails Programming in Less than 2 Hours?,2470
How many students are enrolled in Build Modern Websites Super Fast?,2178
How many students are enrolled in SAP - Learn SAPUI5 Professional Development?,860
How many students are enrolled in Build an Amazon clone: Nodejs + MongoDB + Stripe Payment?,2164
How many students are enrolled in Build Real World Websites from Scratch using HTML5 and CSS3?,10874
How many students are enrolled in How to become an App Developer?,1935
"How many students are enrolled in Modern JavaScript: Building Real-World, Real-Time Apps?",1871
How many students are enrolled in JavaScript Introduction to Object Oriented JavaScript?,7789
How many students are enrolled in Core HTML How to get online quickly HTML to HTML5 ?,10394
How many students are enrolled in Building Websites JavaScript and the DOM?,17759
How many students are enrolled in Complete Login and Registration System in PHP and MYSQL?,4714
How many students are enrolled in Learn the Basics of Programming for Marketers?,11339
How many students are enrolled in GRUNT js: Automate web development tasks and save your time?,1534
How many students are enrolled in Mastering Web and Mobile Debugging Using Chrome Dev Tools?,1102
How many students are enrolled in HTML : Beginner Guide to HTML writing?,783
How many students are enrolled in SharePoint 2013 Development using C# - Part I?,891
How many students are enrolled in SAP Crystal Reports with ASP.Net (Step by step)?,7484
How many students are enrolled in Building Responsive Data Visualizations with D3 JS?,876
How many students are enrolled in Learn Rails Programming in Less than 30 Minute - Lite?,1235
How many students are enrolled in Angular 2 Fundamentals for Web Developers?,450
How many students are enrolled in Easily Learn Web Development With Drop & Drag: OptimizePress?,1442
How many students are enrolled in Mastering Basic CSS Selectors.?,3933
How many students are enrolled in Create a Website Similar to Facebook from Scratch!?,2197
How many students are enrolled in Comprehensive TypeScript?,1318
"How many students are enrolled in Essential HTML, CSS & HTML5 Training?",1553
How many students are enrolled in HTML 5 and CSS 3 - tricks and workarounds?,2007
"How many students are enrolled in How to Register a Domain, Set Up Hosting, and Edit Web Pages?",1540
How many students are enrolled in Practical Understanding of PHP and MySQL?,12201
How many students are enrolled in Building a Social Network in PHP & MySQL From Scratch?,869
How many students are enrolled in Create a Powerful Website with the Cool Bootstrap Framework?,7142
How many students are enrolled in HTML5 and CSS3 -Start building beautiful websites?,1414
How many students are enrolled in Getting Started as a Web Developer?,9833
How many students are enrolled in Learn Laravel: Create Your Web App Step-By-Step?,604
How many students are enrolled in Professional Web Scraping with Java?,685
How many students are enrolled in Learn to make a colorful one page website?,1220
How many students are enrolled in Introduction to HTML?,8371
How many students are enrolled in Learn JavaScript From Scratch:Become Top Rated Web Developer?,2570
How many students are enrolled in HTML5 and CSS for Beginner To Expert?,1732
How many students are enrolled in Become a Kick-Ass Web Developer: From Newbie to Pro?,6751
How many students are enrolled in Create a social network using PHP Mysqli HTML Css and JQuery?,1477
How many students are enrolled in PHP - Send and Receive Mobile Text Messages (SMS)?,1626
How many students are enrolled in How to Make a Single Page Website for Freelancers & Agencies?,17463
How many students are enrolled in Learn to Use jQuery UI Widgets?,23669
How many students are enrolled in Learn to Create Responsive Layouts in 30 Minutes?,5301
How many students are enrolled in Web Building Starter Pack. Html Css and JQuery Animations?,1033
How many students are enrolled in Getting Started with Angular 2+?,6909
How many students are enrolled in Intro to PHP Web Application Development with Symfony?,4040
How many students are enrolled in Learn OAuth 2.0 - Theory and Hands On?,546
How many students are enrolled in PHP Zend Framework 1.11:Creating a CRUD Application?,1122
How many students are enrolled in Write quicker HTML5 and CSS 3; productivity hacks with emmet?,13016
How many students are enrolled in Master all PHP ideas 2017 to build any project?,376
How many students are enrolled in A Beginner's Guide to the Meteor JavaScript Framework?,898
How many students are enrolled in Create an E-commerce website without any coding?,1393
How many students are enrolled in Learn To Build Apps Using Play Framework?,434
How many students are enrolled in Introducing Ionic 2?,394
How many students are enrolled in Learn Laravel with Database Migration & Seeding & Faker?,263
How many students are enrolled in Introduction to PHP Slim Microframework?,1312
How many students are enrolled in Become PHP Facebook Developer: Password-Less Authentication?,4001
How many students are enrolled in How To Create Your Very First Website With HTML and CSS?,5097
How many students are enrolled in Ultimate guide to Social Media Web development integration ?,11011
How many students are enrolled in A Complete Laravel basics from beginner to expert?,3492
How many students are enrolled in JQuery Basics - Learn JQuery From Scratch?,3559
How many students are enrolled in Learn MeteorJS By Building 10 Real World Projects?,2784
How many students are enrolled in AngularJS Masterclass - Deep Dive & Understand AngularJS?,2912
How many students are enrolled in All in one HTML CSS and JQuery?,3444
How many students are enrolled in Responsive Design with NEW Materialize?,12629
How many students are enrolled in PHP webservices?,1305
How many students are enrolled in JavaScript Promises: Applications in ES6 and AngularJS?,651
How many students are enrolled in Learn to build 20 websites and build 14 iOS9 apps with swift?,1926
How many students are enrolled in Professional CSS Flexbox?,396
How many students are enrolled in How to create Paypal and Credit card Payment Buttons?,578
How many students are enrolled in Fun and creative web engineering with Python and Web2py?,10917
How many students are enrolled in Learn to Make an Animated Image Gallery using HTML5?,11080
How many students are enrolled in Projects in Foundation Framework - Learn By Building 10 Apps?,636
How many students are enrolled in Laravel : CRUD Application Using AJAX In Laravel 5.3?,362
How many students are enrolled in Foundations of Front-End Web Development?,8337
How many students are enrolled in Angular 2 - Superheroic Framework?,702
How many students are enrolled in Social Network Web Development?,2698
How many students are enrolled in For Free - Deploy Quickly Spring Boot on Heroku With MySQL?,177
How many students are enrolled in Building Web Applications with Spring MVC?,714
"How many students are enrolled in HTML5, CSS3 & Bootstrap - How to Create a Responsive Website?",1062
How many students are enrolled in HTML & CSS - Learn to build sleek websites ?,1552
How many students are enrolled in Master ASP . NET 4 from scratch?,613
How many students are enrolled in CoffeeScript: The Good Parts—Write Better javaScript?,2152
How many students are enrolled in Mastering Magento?,1063
How many students are enrolled in Ultimate JavaScript Strings?,3142
How many students are enrolled in Learn Knockout JS Framework from GroundUp?,633
How many students are enrolled in Build Responsive Websites in an Hour using Portalfin?,2859
How many students are enrolled in Master Riot: Learn Riot.js from Scratch?,299
How many students are enrolled in Learn W3.CSS?,1002
How many students are enrolled in Learning Axure RP?,631
"How many students are enrolled in Kids Coding -Introduction to HTML, CSS and JavaScript?",2355
How many students are enrolled in Introduction to Voice Design with Amazon's Alexa?,6742
How many students are enrolled in How to Create a Social Network For a Niche-Related Community?,1853
How many students are enrolled in Webpack 1 & 2 - The Complete Guide?,252
How many students are enrolled in Star Rating Project AJAX with JSON response from PHP MySQL?,1302
How many students are enrolled in ASP.Net MVC Quick Start?,15092
How many students are enrolled in Build a Chatbot integrated Website using Bootstrap 4?,165
How many students are enrolled in Build Advanced Responsive Websites with Foundation 6 & SASS?,1276
How many students are enrolled in Learn Essential Javascript Fundamentals - Lite?,1476
How many students are enrolled in Learn HTML in 2 hours!?,5351
How many students are enrolled in Laravel 4 try and enjoy php coding?,2402
How many students are enrolled in Build Complex Express Sites with Redis and Socket IO?,223
How many students are enrolled in Building a ASP.NET MVC 5 Membership Website?,654
How many students are enrolled in Drupal Views: Introduction to Enhancing Your Drupal Website?,1262
How many students are enrolled in Bootstrap Bootcamp - Responsive web development- 8 projects?,253
How many students are enrolled in Self Advertise Using PowerPoint Twitter and Facebook on ios?,1780
How many students are enrolled in Practical Web Development: Make Websites Quickly And Easily?,2389
"How many students are enrolled in Learn animation using CSS3, Javascript and HTML5?",1468
How many students are enrolled in Creating Interactive HTML5 Video?,838
How many students are enrolled in JavaScript project Learn to create a memory Game and more?,6000
How many students are enrolled in The Complete JavaScript Bootcamp?,1839
How many students are enrolled in Angular 2 Master Class with Alejandro Rangel?,4157
How many students are enrolled in Quick learning jQuery web development?,3388
"How many students are enrolled in Ajax in JavaScript and JQuery, with PHP - Creating Chat App?",3399
How many students are enrolled in Mastering Modern Web Development Using React?,1537
"How many students are enrolled in Full Stack JavaScript: Learn Backbone.js, Node.js & MongoDB?",6134
How many students are enrolled in Learn to Build Web Apps using UnderscoreJS : Code Like a Pro?,325
How many students are enrolled in Building Web Apps Using Flask and Neo4j?,166
How many students are enrolled in Learn Web Animation the Easy Way: An Intro to SVG and GSAP?,203
How many students are enrolled in Build Your Own Membership Website With Joomla?,1134
How many students are enrolled in Learn Spring Security 4 Basics - Hands On?,216
How many students are enrolled in Display and analyze GIS data on the web with Leaflet.js?,25
How many students are enrolled in How to Build a CMS with PHP?,1096
How many students are enrolled in Responsive Web Design with HTML5 and CSS3 - Introduction?,770
How many students are enrolled in Master Typescript : Learn Typescript from scratch?,424
How many students are enrolled in Angularjs-WebApi2-EFCodeFirst Web App On 3-Tier Architecture?,652
How many students are enrolled in Creating User Authentication System in CodeIgniter?,2783
"How many students are enrolled in Building a Portfolio in 90 minutes ( HTML, CSS, Js ) ?",5272
How many students are enrolled in Automate Web Development With Gulp JS?,2784
How many students are enrolled in Bootstrap 4 Responsive Web Design and Development?,3086
How many students are enrolled in Become Exceptional in HTML and HTML5?,16486
How many students are enrolled in Become a Rockstar Web Developer - Learn By Coding?,2076
How many students are enrolled in Single Page Application of MVC 5 Using AngularJS?,722
"How many students are enrolled in Learn to Code in HTML5, CSS3, and JavaScript?",1404
How many students are enrolled in Web Application Development - Learn by Building 3 Web Apps?,1688
How many students are enrolled in Rails Ecommerce App with HTML Template from Themeforest?,214
How many students are enrolled in Login and Registration from Scratch with PHP and MySQL?,1128
How many students are enrolled in Getting Started with Magento?,608
How many students are enrolled in Ruby on Rails Foundations?,359
How many students are enrolled in Core Concepts in HTML 5?,1532
How many students are enrolled in Learn Azure Cloud Step by Step?,791
How many students are enrolled in Learn Facebook Flux Architecture for Web Applications?,395
"How many students are enrolled in Create free, fast and secure static website?",322
How many students are enrolled in Object Orientation in PHP?,151
How many students are enrolled in Creating Custom Web Maps?,208
How many students are enrolled in Build A YouTube Downloader With C# And GitHub?,385
How many students are enrolled in Querying Microsoft SQL Server 2012 - (Exam No. 70-461)?,666
How many students are enrolled in HTTP Clients with Laravel: Use and Consume Services and APIs?,237
How many students are enrolled in Modern E-Commerce Store In php & mysqli With Bootstrap?,240
How many students are enrolled in Create Website from scratch in Urdu & Hindi?,3033
How many students are enrolled in Advance Unix : File Processing: AWK | GREP | VIM?,458
How many students are enrolled in Introduction to Node.js Development?,1779
How many students are enrolled in Advance JavaScript for Coders: Learn OOP in JavaScript?,334
How many students are enrolled in Web Development With Google Maps?,222
How many students are enrolled in jQuery UI Ultimate:Design Amazing Interfaces Using jQuery UI?,422
How many students are enrolled in Learn Spring Security 4 Intermediate - Hands On?,227
How many students are enrolled in Learning Path: The Road to Elasticsearch?,50
How many students are enrolled in HTML/CSS Bootcamp?,194
How many students are enrolled in JavaScript High Performance?,458
How many students are enrolled in Node:js : Building Rest Apis with Sails.js?,61
How many students are enrolled in Fundamentals of Angular 2 Full Stack Design?,314
How many students are enrolled in Create Newsletter Subscription Form with PHP/AJAX in 40 Min?,586
How many students are enrolled in How to manage your own VPS and create websites?,735
How many students are enrolled in Simplified Cross Browser Web Testing Using VirtualBox?,796
How many students are enrolled in JavaScript and jQuery Basics: Start The Journey?,1316
How many students are enrolled in Learn Effective HTML in No Time!?,1275
How many students are enrolled in HTML5 Geolocation in Depth:Build 7 HTML5 Geolocation Apps?,1526
How many students are enrolled in Building a Search Engine in PHP & MySQL?,10110
How many students are enrolled in create a search engine for your website!?,1832
How many students are enrolled in Learn basics of HTML in 30 Minutes?,945
How many students are enrolled in Learn Web Development by Creating a Social Network?,442
How many students are enrolled in CSS Image filters - The modern web images color manipulation?,6315
How many students are enrolled in Building Responsive Websites with Bootstrap 3 Framework?,1322
How many students are enrolled in Convert HTML Websites into PHP: Learn by Doing in 40 Minutes?,540
How many students are enrolled in 17 Complete JavaScript projects explained step by step?,327
How many students are enrolled in Mastering Unix : AWK Commands?,358
How many students are enrolled in Cakephp:Creating a CRUD application?,803
How many students are enrolled in HTML and CSS: A Guide to Web Design?,1557
How many students are enrolled in Drupal 8 Site Building?,1942
How many students are enrolled in Learn Bootstrap 4 The Most Popular HTML5 CSS3 & JS Framework?,279
How many students are enrolled in Essentials of Spring 5.0 for Developers?,34
How many students are enrolled in Ultimate JavaScript Objects?,1525
"How many students are enrolled in Learn HTML, CSS, and Ruby on Rails: Build Your First Blog?",2985
How many students are enrolled in Beginner Photoshop to HTML5 and CSS3?,73110
How many students are enrolled in The Fastest Way to Create a Website Using Godaddy?,1454
How many students are enrolled in A how to guide in HTML?,7318
How many students are enrolled in Building Better APIs with GraphQL?,555
How many students are enrolled in Learn Grunt with Examples: Automate Your Front End Workflow?,496
How many students are enrolled in Build A Stock Downloader With Visual Studio 2015 And C#?,436
How many students are enrolled in jQuery UI in Action: Build 5 jQuery UI Projects?,382
How many students are enrolled in Learn jQuery from Scratch - Master of JavaScript library?,1040
How many students are enrolled in Learn and Build using Polymer?,513
How many students are enrolled in CSS Animations: Create Amazing Effects on Your Website?,300
How many students are enrolled in Using MODX CMS to Build Websites: A Beginner's Guide?,901
